jour,temp_high,temp_avg,temp_low,dew_point_high,dew_point_avg,dew_point_low,humidity_high,humidity_avg,humidity_low,speed_high,speed_avg,speed_low,pressure_high,pressure_low,precipitation_acc
1/01/2016,49.4,46.3,44.1,44.1,42.5,40.9,91.0,87.0,80.0,10.0,4.0,0.0,30.27,29.82,
2/01/2016,52.6,49.6,46.7,46.3,44.3,40.9,89.0,82.0,74.0,11.0,6.1,3.0,29.82,29.74,
3/01/2016,48.7,46.4,44.2,45.3,42.2,39.4,91.0,85.0,75.0,11.0,6.4,2.0,29.84,29.22,
4/01/2016,51.9,47.4,44.9,44.3,42.1,40.5,86.0,82.0,73.0,8.0,4.9,2.0,29.3,29.23,
5/01/2016,50.0,46.6,44.1,43.4,41.8,39.8,89.0,83.0,75.0,9.0,5.3,3.0,29.37,29.24,
6/01/2016,50.6,47.8,46.1,44.2,43.0,42.1,89.0,83.0,75.0,7.0,3.8,1.0,29.53,29.37,
7/01/2016,54.0,47.8,44.8,47.8,41.2,37.2,93.0,79.0,58.0,16.0,6.7,1.0,29.67,29.18,
8/01/2016,48.5,44.9,41.4,43.4,39.8,36.4,89.0,82.0,74.0,6.0,2.9,0.0,29.7,29.6,
9/01/2016,53.6,47.9,41.6,46.3,43.3,39.4,93.0,84.0,72.0,10.0,5.5,1.0,29.63,29.33,
10/01/2016,48.2,45.2,42.7,43.8,40.7,38.8,88.0,84.0,77.0,8.0,5.3,2.0,29.36,29.3,
11/01/2016,49.4,46.7,43.1,43.5,41.6,39.7,92.0,83.0,72.0,10.0,5.6,3.0,29.34,29.12,
12/01/2016,48.3,45.4,42.9,41.1,38.7,36.1,84.0,78.0,67.0,12.0,6.0,2.0,29.85,29.35,
13/01/2016,46.7,43.4,40.7,38.3,35.9,33.3,84.0,75.0,66.0,11.0,5.2,2.0,30.15,29.86,
14/01/2016,46.7,42.3,39.9,38.9,36.7,31.3,89.0,81.0,70.0,11.0,5.4,1.0,29.99,29.77,
15/01/2016,43.2,39.9,37.9,34.8,31.5,29.0,84.0,72.0,61.0,12.0,6.9,2.0,30.26,29.96,
16/01/2016,43.6,40.1,36.6,35.6,32.2,29.6,85.0,74.0,60.0,9.0,4.5,1.0,30.39,30.26,
17/01/2016,41.7,39.5,35.8,33.8,31.8,28.1,81.0,74.0,59.0,8.0,3.3,0.0,30.38,30.23,
18/01/2016,36.0,33.6,31.9,30.1,24.8,22.6,79.0,70.0,61.0,7.0,4.1,1.0,30.22,29.9,
19/01/2016,35.1,32.1,29.2,28.6,25.3,23.1,81.0,76.0,71.0,7.0,3.3,0.0,30.08,29.93,
20/01/2016,33.8,30.8,26.3,28.3,25.3,22.5,87.0,80.0,75.0,6.0,2.4,0.0,30.23,30.07,
21/01/2016,42.0,34.2,26.3,31.2,27.5,23.2,91.0,77.0,61.0,8.0,3.2,0.0,30.31,30.23,
22/01/2016,48.5,38.9,33.0,45.7,34.3,26.9,92.0,84.0,75.0,9.0,4.3,0.0,30.34,30.18,
23/01/2016,48.7,46.4,44.7,45.9,43.3,41.6,92.0,89.0,83.0,7.0,3.5,0.0,30.59,30.35,
24/01/2016,53.7,49.1,44.3,50.1,45.4,40.8,91.0,87.0,81.0,6.0,3.2,1.0,30.52,30.41,
25/01/2016,57.6,51.4,44.2,49.1,44.2,38.2,87.0,77.0,61.0,7.0,3.5,0.0,30.4,30.26,
26/01/2016,55.2,52.2,49.5,49.3,46.9,45.2,92.0,82.0,72.0,10.0,4.3,0.0,30.37,30.21,
27/01/2016,55.1,52.9,50.9,48.2,46.5,44.5,88.0,79.0,68.0,10.0,6.6,3.0,30.22,30.04,
28/01/2016,52.8,49.4,45.7,48.9,42.4,38.6,89.0,77.0,65.0,9.0,3.4,1.0,30.44,30.06,
29/01/2016,50.1,47.3,43.5,45.2,40.4,35.1,87.0,77.0,69.0,9.0,4.8,1.0,30.44,30.29,
30/01/2016,50.4,48.2,45.9,47.5,43.9,40.5,90.0,85.0,80.0,12.0,6.6,2.0,30.29,29.9,
31/01/2016,57.5,51.4,46.3,53.8,47.7,41.7,93.0,87.0,82.0,10.0,4.5,1.0,30.14,29.91,
1/02/2016,56.7,55.1,53.8,51.1,48.0,46.1,84.0,77.0,70.0,12.0,5.5,2.0,30.3,30.16,
2/02/2016,55.9,51.9,46.9,51.0,47.2,41.8,92.0,84.0,79.0,16.0,4.7,2.0,30.27,30.06,
3/02/2016,47.8,45.3,43.1,42.1,38.7,34.1,84.0,78.0,60.0,13.0,6.1,2.0,30.46,30.13,
4/02/2016,53.4,47.5,42.6,49.1,43.2,36.8,89.0,85.0,79.0,10.0,4.9,2.0,30.48,30.34,
5/02/2016,52.5,51.1,49.3,48.9,47.2,45.4,91.0,86.0,82.0,8.0,3.8,1.0,30.42,30.05,
6/02/2016,58.4,52.1,46.5,47.0,43.9,41.1,90.0,75.0,54.0,11.0,6.4,2.0,30.04,29.47,
7/02/2016,56.2,49.9,46.5,45.9,40.6,36.4,86.0,71.0,55.0,12.0,6.2,1.0,29.72,29.43,
8/02/2016,54.6,50.7,44.7,49.2,42.5,38.1,90.0,74.0,59.0,18.0,8.3,3.0,29.71,29.43,
9/02/2016,55.8,46.5,39.7,49.7,41.3,35.4,92.0,82.0,74.0,15.0,7.0,2.0,29.69,29.03,
10/02/2016,47.9,42.9,39.3,37.7,35.6,34.1,85.0,76.0,62.0,9.0,5.5,3.0,29.72,29.45,
11/02/2016,49.0,44.0,40.1,38.5,36.5,34.6,83.0,75.0,59.0,7.0,3.6,0.0,29.76,29.68,
12/02/2016,43.0,40.7,37.5,38.9,36.7,34.2,92.0,86.0,80.0,9.0,4.3,0.0,29.68,29.25,
13/02/2016,49.9,45.0,40.2,46.6,41.7,36.5,94.0,88.0,80.0,9.0,4.8,0.0,29.38,28.89,
14/02/2016,47.8,44.3,40.1,42.1,38.9,34.9,86.0,81.0,74.0,12.0,5.0,1.0,29.66,29.12,
15/02/2016,45.1,41.1,39.0,35.3,33.4,29.5,83.0,74.0,55.0,16.0,8.8,3.0,30.46,29.66,
16/02/2016,44.3,39.4,35.6,32.7,28.8,23.7,82.0,67.0,45.0,9.0,4.8,0.0,30.59,30.44,
17/02/2016,41.5,36.7,32.9,31.2,28.2,26.4,78.0,71.0,64.0,7.0,2.6,0.0,30.44,29.97,
18/02/2016,42.3,37.2,32.5,38.6,32.2,26.7,91.0,82.0,77.0,8.0,4.1,0.0,30.12,29.93,
19/02/2016,50.6,43.7,37.9,38.6,34.7,31.6,83.0,71.0,55.0,8.0,3.5,1.0,30.23,30.12,
20/02/2016,55.6,51.1,44.8,50.9,46.5,38.6,91.0,84.0,75.0,10.0,5.8,2.0,30.13,30.03,
21/02/2016,56.0,53.8,52.1,50.8,48.3,44.2,89.0,82.0,72.0,10.0,5.0,2.0,30.18,30.03,
22/02/2016,55.1,52.6,50.7,49.3,46.6,44.1,88.0,80.0,73.0,9.0,5.2,2.0,30.03,29.87,
23/02/2016,52.6,45.9,41.5,48.8,37.3,32.4,91.0,73.0,52.0,10.0,5.1,2.0,30.17,29.88,
24/02/2016,47.2,43.3,40.6,37.6,35.3,31.7,80.0,74.0,58.0,6.0,2.6,0.0,30.16,29.92,
25/02/2016,45.3,41.6,37.3,35.4,31.8,26.3,85.0,69.0,50.0,9.0,4.0,0.0,30.05,29.93,
26/02/2016,46.3,42.2,38.1,30.9,28.6,26.0,72.0,59.0,47.0,6.0,3.2,0.0,30.04,29.67,
27/02/2016,46.9,40.9,35.2,32.3,29.2,25.6,73.0,63.0,54.0,11.0,6.2,2.0,29.76,29.59,
28/02/2016,45.4,39.9,34.8,29.0,27.7,26.1,76.0,62.0,48.0,15.0,9.3,5.0,30.07,29.75,
29/02/2016,46.2,40.3,35.0,32.0,28.4,26.0,73.0,63.0,46.0,15.0,8.6,3.0,30.31,30.06,
1/03/2016,51.3,43.6,38.3,48.0,38.0,31.5,94.0,81.0,71.0,8.0,4.2,0.0,30.3,29.89,
2/03/2016,51.6,47.1,35.9,48.9,38.6,32.2,92.0,73.0,51.0,18.0,6.5,2.0,29.88,29.6,
3/03/2016,48.3,45.2,42.5,38.9,35.5,32.1,85.0,70.0,55.0,18.0,7.5,0.0,29.79,29.6,
4/03/2016,49.3,44.5,41.3,44.6,39.3,36.4,92.0,82.0,61.0,10.0,4.8,0.0,29.67,29.3,
5/03/2016,47.3,40.3,34.3,37.2,34.1,30.3,92.0,79.0,52.0,12.0,5.9,2.0,29.64,29.31,
6/03/2016,48.2,42.7,39.0,36.1,33.8,30.3,84.0,72.0,51.0,11.0,4.9,1.0,29.74,29.64,
7/03/2016,44.1,40.5,37.7,35.1,33.1,27.6,85.0,75.0,52.0,15.0,6.2,1.0,29.92,29.64,
8/03/2016,49.2,43.1,38.1,36.3,32.9,28.0,85.0,68.0,46.0,8.0,3.9,1.0,30.08,29.92,
9/03/2016,50.0,44.3,40.7,43.3,37.8,31.6,94.0,78.0,62.0,13.0,7.4,3.0,29.94,29.42,
10/03/2016,49.9,46.2,43.1,41.2,39.3,37.2,85.0,77.0,63.0,8.0,3.0,0.0,30.23,29.67,
11/03/2016,52.8,48.0,42.1,39.9,36.5,32.5,82.0,65.0,47.0,9.0,4.2,1.0,30.34,30.23,
12/03/2016,53.6,47.1,40.3,37.7,35.4,33.2,80.0,65.0,48.0,9.0,4.8,1.0,30.4,30.33,
13/03/2016,53.4,44.8,36.4,37.9,34.6,30.9,81.0,68.0,52.0,11.0,6.6,3.0,30.44,30.35,
14/03/2016,49.0,44.6,39.2,36.8,34.4,32.3,80.0,68.0,56.0,9.0,5.4,1.0,30.38,30.3,
15/03/2016,55.3,46.5,38.3,41.2,32.9,28.2,77.0,60.0,36.0,12.0,5.7,1.0,30.32,30.18,
16/03/2016,47.4,44.7,40.2,39.2,32.2,27.3,83.0,63.0,47.0,12.0,7.3,3.0,30.25,30.19,
17/03/2016,55.7,47.0,38.3,37.0,32.8,29.9,72.0,58.0,45.0,9.0,4.6,1.0,30.34,30.24,
18/03/2016,51.5,44.7,38.7,39.6,36.3,33.5,83.0,73.0,62.0,10.0,6.0,2.0,30.27,30.16,
19/03/2016,46.0,43.4,41.3,38.5,37.2,35.5,86.0,79.0,70.0,9.0,6.2,3.0,30.21,30.17,
20/03/2016,45.5,43.6,41.6,37.3,35.0,32.5,74.0,71.0,69.0,9.0,5.8,2.0,30.19,30.13,
21/03/2016,51.0,47.0,42.2,39.7,37.5,34.3,83.0,70.0,56.0,10.0,6.3,3.0,30.2,30.11,
22/03/2016,55.7,49.9,44.9,38.9,36.4,34.2,78.0,61.0,45.0,10.0,5.5,1.0,30.11,29.92,
23/03/2016,52.1,47.4,40.7,39.5,38.4,36.1,89.0,72.0,56.0,11.0,6.5,2.0,30.03,29.92,
24/03/2016,52.5,49.7,46.8,39.8,37.3,34.7,69.0,63.0,55.0,6.0,3.2,0.0,30.06,30.0,
25/03/2016,58.4,51.6,46.3,50.0,45.2,39.2,90.0,79.0,64.0,8.0,3.6,0.0,30.09,29.94,
26/03/2016,60.2,53.8,46.3,51.0,46.9,40.3,92.0,78.0,69.0,11.0,6.4,1.0,30.09,29.63,
27/03/2016,57.2,50.9,46.0,48.8,42.4,40.2,89.0,74.0,56.0,15.0,6.6,1.0,29.87,29.68,
28/03/2016,58.0,51.5,45.5,47.9,42.3,37.9,85.0,71.0,53.0,14.0,8.2,1.0,29.71,29.4,
29/03/2016,57.7,50.7,44.9,49.1,42.8,38.7,86.0,75.0,54.0,9.0,4.6,0.0,29.85,29.71,
30/03/2016,52.8,49.7,46.5,48.3,43.7,38.0,87.0,80.0,62.0,7.0,2.7,0.0,29.91,29.82,
31/03/2016,46.8,45.4,43.9,42.7,41.4,40.0,90.0,86.0,78.0,13.0,7.9,3.0,30.01,29.81,
1/04/2016,55.1,47.6,42.1,41.1,39.4,36.2,88.0,74.0,52.0,10.0,4.3,1.0,30.18,30.05,
2/04/2016,52.5,48.4,43.4,50.2,42.5,37.9,92.0,80.0,73.0,6.0,3.0,0.0,30.11,29.81,
3/04/2016,70.5,60.3,52.4,54.3,50.5,46.2,92.0,73.0,43.0,10.0,3.8,0.0,29.82,29.65,
4/04/2016,62.8,56.8,51.0,52.2,46.1,41.8,87.0,69.0,47.0,9.0,4.4,0.0,29.73,29.65,
5/04/2016,61.0,56.4,52.4,48.5,45.6,42.3,81.0,68.0,53.0,9.0,3.7,0.0,29.95,29.68,
6/04/2016,58.4,53.2,49.0,48.2,43.4,40.8,82.0,70.0,54.0,10.0,4.5,0.0,29.98,29.89,
7/04/2016,54.5,48.8,44.3,42.3,37.9,34.3,77.0,66.0,47.0,12.0,5.0,1.0,29.97,29.9,
8/04/2016,57.3,50.6,45.7,42.9,40.4,38.0,84.0,69.0,51.0,6.0,3.2,0.0,29.97,29.86,
9/04/2016,56.6,50.5,44.7,46.6,41.6,38.7,85.0,72.0,54.0,10.0,3.9,0.0,29.86,29.68,
10/04/2016,65.1,54.1,44.2,46.5,42.7,39.1,87.0,67.0,49.0,10.0,3.6,0.0,29.81,29.64,
11/04/2016,60.9,55.8,53.1,52.6,46.4,41.6,87.0,71.0,49.0,8.0,3.4,0.0,29.82,29.62,
12/04/2016,63.2,54.3,47.7,48.2,45.9,43.6,87.0,74.0,54.0,8.0,3.2,0.0,29.82,29.74,
13/04/2016,64.3,56.7,50.4,49.1,46.6,43.9,87.0,70.0,49.0,8.0,3.3,0.0,29.86,29.72,
14/04/2016,62.7,55.9,51.8,50.5,46.7,43.5,86.0,72.0,51.0,8.0,3.1,0.0,29.9,29.75,
15/04/2016,61.6,55.8,51.3,51.5,47.8,45.3,85.0,75.0,62.0,12.0,5.4,1.0,29.76,29.61,
16/04/2016,59.6,53.7,49.1,46.6,43.5,36.4,82.0,69.0,50.0,13.0,5.3,1.0,29.74,29.6,
17/04/2016,53.4,47.0,42.3,38.9,35.8,27.6,83.0,66.0,39.0,12.0,4.9,0.0,30.14,29.75,
18/04/2016,58.4,50.3,42.1,37.4,32.7,24.3,76.0,53.0,28.0,9.0,3.5,1.0,30.31,30.14,
19/04/2016,60.5,54.0,46.9,41.6,39.2,32.7,77.0,58.0,47.0,10.0,3.8,0.0,30.35,30.29,
20/04/2016,67.7,57.5,46.6,42.1,39.1,36.0,72.0,52.0,33.0,10.0,5.5,2.0,30.34,30.17,
21/04/2016,71.4,62.4,53.6,50.0,43.5,38.2,58.0,50.0,42.0,6.0,2.7,0.0,30.18,30.06,
22/04/2016,64.6,59.9,56.4,50.4,47.7,44.7,70.0,64.0,57.0,7.0,3.1,0.0,30.1,29.95,
23/04/2016,56.3,50.1,45.2,46.0,39.1,30.8,81.0,67.0,52.0,13.0,8.4,3.0,30.12,29.91,
24/04/2016,48.7,44.5,40.6,39.3,34.2,31.1,81.0,67.0,58.0,12.0,5.7,0.0,30.13,30.05,
25/04/2016,53.4,47.3,42.1,43.9,38.0,33.2,85.0,71.0,50.0,11.0,4.9,0.0,30.13,29.76,
26/04/2016,49.6,44.6,39.0,42.4,35.9,25.6,87.0,72.0,43.0,14.0,5.1,0.0,29.85,29.72,
27/04/2016,53.3,44.9,38.7,37.6,34.1,29.6,80.0,67.0,40.0,10.0,4.5,0.0,29.95,29.85,
28/04/2016,54.8,48.1,41.2,36.6,33.3,27.4,80.0,59.0,36.0,8.0,3.0,0.0,30.03,29.95,
29/04/2016,58.6,51.3,45.2,45.1,39.4,33.0,84.0,65.0,50.0,10.0,4.3,0.0,30.02,29.95,
30/04/2016,51.8,47.6,43.6,44.2,39.5,33.7,87.0,74.0,51.0,13.0,6.5,1.0,30.28,29.99,
1/05/2016,59.8,51.6,42.6,38.5,35.8,32.3,80.0,57.0,37.0,12.0,6.6,3.0,30.38,30.3,
2/05/2016,66.3,56.8,48.7,50.9,39.2,30.4,76.0,53.0,32.0,7.0,2.8,0.0,30.38,30.18,
3/05/2016,61.1,55.6,48.8,50.4,40.7,34.3,84.0,60.0,37.0,11.0,6.1,1.0,30.38,30.19,
4/05/2016,67.0,57.6,47.2,39.7,38.0,35.6,72.0,50.0,33.0,7.0,3.0,0.0,30.39,30.23,
5/05/2016,69.6,61.4,52.0,41.6,36.8,32.4,53.0,41.0,26.0,9.0,3.2,0.0,30.23,29.94,
6/05/2016,78.0,66.8,55.3,47.4,44.0,40.4,66.0,46.0,29.0,8.0,3.0,0.0,29.94,29.77,
7/05/2016,75.9,68.4,60.6,49.8,46.7,42.1,64.0,47.0,34.0,9.0,3.6,0.0,29.79,29.72,
8/05/2016,78.7,70.3,60.1,52.3,47.8,43.1,64.0,46.0,34.0,9.0,3.8,0.0,29.77,29.68,
9/05/2016,70.8,66.6,61.5,58.6,54.8,49.2,89.0,66.0,47.0,11.0,5.8,2.0,29.79,29.73,
10/05/2016,66.0,62.0,59.8,59.8,58.2,56.9,92.0,88.0,75.0,7.0,3.2,0.0,29.77,29.68,
11/05/2016,65.8,61.8,57.9,59.6,57.7,55.8,93.0,87.0,76.0,4.0,1.1,0.0,29.69,29.55,
12/05/2016,68.3,62.6,58.6,58.9,56.7,55.3,90.0,82.0,65.0,8.0,2.5,0.0,29.56,29.5,
13/05/2016,73.0,63.1,57.8,62.0,56.8,48.2,93.0,81.0,56.0,15.0,5.0,1.0,29.82,29.56,
14/05/2016,57.3,52.7,49.6,48.4,41.7,36.5,81.0,67.0,51.0,14.0,9.0,4.0,30.18,29.82,
15/05/2016,60.6,53.3,45.8,42.6,39.4,37.0,77.0,60.0,46.0,8.0,4.2,1.0,30.26,30.18,
16/05/2016,62.9,57.3,50.9,47.3,44.2,41.0,78.0,62.0,49.0,11.0,3.9,0.0,30.22,30.13,
17/05/2016,65.4,58.7,49.9,48.5,45.3,42.9,80.0,62.0,45.0,6.0,2.7,0.0,30.17,29.99,
18/05/2016,62.0,58.6,51.9,53.2,48.4,44.5,86.0,69.0,54.0,11.0,4.8,1.0,29.99,29.7,
19/05/2016,63.7,55.7,50.2,51.2,48.3,45.6,87.0,77.0,56.0,9.0,5.0,0.0,30.09,29.74,
20/05/2016,70.6,62.0,55.9,56.5,53.2,48.5,87.0,74.0,55.0,8.0,3.3,0.0,30.11,30.05,
21/05/2016,76.9,67.7,57.8,58.9,56.0,53.0,89.0,68.0,48.0,10.0,4.5,0.0,30.06,29.75,
22/05/2016,71.2,60.6,55.4,59.7,56.2,51.6,91.0,86.0,64.0,8.0,3.1,0.0,29.86,29.71,
23/05/2016,60.6,55.3,52.3,51.9,50.0,46.6,92.0,83.0,60.0,13.0,6.3,2.0,30.15,29.86,
24/05/2016,58.4,55.0,51.4,48.5,46.6,44.5,87.0,74.0,63.0,10.0,4.6,1.0,30.14,30.0,
25/05/2016,69.0,58.4,48.0,52.5,47.4,42.6,82.0,68.0,46.0,9.0,4.2,0.0,30.01,29.92,
26/05/2016,70.4,63.3,55.5,57.6,53.3,48.8,79.0,70.0,63.0,8.0,3.6,0.0,29.96,29.9,
27/05/2016,76.7,68.6,59.9,58.9,56.7,54.9,85.0,67.0,49.0,8.0,2.7,0.0,29.96,29.91,
28/05/2016,73.5,66.7,61.5,61.0,58.2,56.6,86.0,75.0,60.0,8.0,3.0,0.0,29.95,29.79,
29/05/2016,65.6,61.8,59.0,59.4,57.6,55.6,92.0,86.0,78.0,10.0,4.9,0.0,29.8,29.73,
30/05/2016,61.6,57.2,55.6,59.1,54.5,51.8,93.0,91.0,84.0,13.0,7.9,3.0,29.82,29.78,
31/05/2016,58.5,56.4,54.8,56.8,54.4,52.8,94.0,93.0,92.0,11.0,6.1,3.0,29.95,29.75,
1/06/2016,63.4,59.2,57.0,58.8,56.5,54.8,94.0,91.0,85.0,8.0,4.7,1.0,30.05,29.96,
2/06/2016,57.1,56.0,53.7,55.2,53.4,51.2,94.0,91.0,88.0,13.0,7.6,3.0,30.01,29.92,
3/06/2016,57.4,54.7,52.3,53.5,51.4,49.9,92.0,89.0,84.0,8.0,5.4,2.0,30.0,29.95,
4/06/2016,63.3,58.9,55.3,57.7,54.8,52.5,91.0,87.0,80.0,9.0,5.2,2.0,30.05,29.97,
5/06/2016,68.8,61.5,57.5,61.0,57.9,55.2,94.0,88.0,74.0,8.0,2.8,0.0,30.12,30.03,
6/06/2016,76.8,67.1,60.8,64.5,61.3,57.9,95.0,83.0,64.0,4.0,1.3,0.0,30.14,30.08,
7/06/2016,80.7,72.3,64.2,65.2,62.7,59.2,91.0,73.0,51.0,10.0,4.2,0.0,30.2,30.11,
8/06/2016,74.1,67.7,59.8,62.6,59.2,54.5,87.0,74.0,66.0,10.0,5.4,2.0,30.21,30.14,
9/06/2016,76.4,65.9,54.8,61.8,54.5,50.7,89.0,68.0,44.0,8.0,5.0,2.0,30.17,30.03,
10/06/2016,76.5,69.7,62.1,57.1,54.5,52.0,73.0,59.0,45.0,5.0,2.4,0.0,30.04,29.83,
11/06/2016,71.5,67.5,63.6,59.0,56.5,53.5,81.0,68.0,55.0,8.0,2.3,0.0,29.87,29.8,
12/06/2016,67.3,64.0,60.5,61.7,58.6,54.9,91.0,83.0,69.0,8.0,3.5,0.0,29.9,29.76,
13/06/2016,65.4,61.9,56.7,59.4,54.2,52.2,87.0,76.0,65.0,8.0,3.9,1.0,29.78,29.64,
14/06/2016,68.2,61.9,58.5,56.9,53.3,48.5,85.0,74.0,51.0,9.0,4.4,0.0,29.65,29.52,
15/06/2016,70.5,61.6,55.2,53.6,51.3,46.6,89.0,71.0,44.0,7.0,3.1,0.0,29.58,29.49,
16/06/2016,65.3,61.0,57.8,56.5,54.0,51.3,87.0,78.0,65.0,7.0,2.5,0.0,29.64,29.55,
17/06/2016,70.0,62.3,57.2,57.3,54.3,52.3,84.0,76.0,57.0,9.0,3.5,0.0,29.94,29.64,
18/06/2016,66.9,61.6,57.3,58.1,54.4,52.5,85.0,78.0,66.0,11.0,4.1,0.0,30.25,29.94,
19/06/2016,71.9,64.2,57.9,55.3,53.1,50.2,85.0,69.0,49.0,7.0,3.3,0.0,30.32,30.25,
20/06/2016,65.9,62.7,60.7,61.2,57.5,53.8,91.0,84.0,65.0,9.0,4.0,0.0,30.26,30.04,
21/06/2016,73.6,67.1,62.3,64.1,61.8,59.7,92.0,84.0,68.0,6.0,3.0,0.0,30.17,30.08,
22/06/2016,83.6,75.1,67.7,69.4,66.0,63.8,90.0,75.0,57.0,6.0,2.6,0.0,30.17,30.04,
23/06/2016,90.3,79.6,72.2,70.7,67.7,64.3,84.0,68.0,51.0,11.0,3.4,0.0,30.06,29.95,
24/06/2016,77.8,71.1,64.7,69.2,60.4,55.9,84.0,70.0,49.0,11.0,5.0,1.0,30.14,30.03,
25/06/2016,70.7,65.3,60.3,57.9,51.6,46.3,83.0,63.0,42.0,11.0,5.8,0.0,30.11,30.06,
26/06/2016,71.1,63.7,56.6,53.6,51.9,48.8,84.0,67.0,46.0,10.0,4.9,1.0,30.18,30.11,
27/06/2016,72.3,65.6,60.7,63.1,57.5,52.5,87.0,75.0,67.0,9.0,3.3,0.0,30.18,30.11,
28/06/2016,72.7,66.7,61.1,59.0,55.4,52.1,77.0,67.0,56.0,8.0,3.4,0.0,30.16,29.92,
29/06/2016,74.6,66.7,59.0,56.3,53.2,50.4,80.0,63.0,44.0,10.0,4.8,1.0,30.02,29.89,
30/06/2016,74.5,67.3,62.8,63.7,58.4,52.7,83.0,73.0,65.0,9.0,4.9,1.0,29.99,29.92,
1/07/2016,72.5,67.5,59.3,61.5,59.0,53.1,84.0,74.0,67.0,10.0,5.2,2.0,30.0,29.91,
2/07/2016,67.6,62.6,58.6,54.8,50.7,47.1,80.0,66.0,51.0,12.0,4.7,0.0,30.15,29.99,
3/07/2016,65.5,61.6,59.1,59.5,52.3,47.6,92.0,72.0,56.0,7.0,3.5,0.0,30.18,30.14,
4/07/2016,71.4,65.3,59.0,60.2,57.1,54.8,93.0,76.0,59.0,6.0,2.3,0.0,30.18,30.09,
5/07/2016,71.5,67.2,63.9,59.1,56.9,51.4,82.0,70.0,54.0,9.0,4.4,0.0,30.18,30.06,
6/07/2016,76.0,66.7,57.5,53.7,51.7,50.1,79.0,60.0,41.0,7.0,3.1,0.0,30.22,30.16,
7/07/2016,84.0,73.4,62.7,56.9,54.2,52.3,73.0,53.0,34.0,7.0,2.5,0.0,30.2,30.04,
8/07/2016,83.8,74.5,66.2,63.0,57.7,52.4,72.0,57.0,41.0,11.0,4.3,0.0,30.18,30.02,
9/07/2016,84.3,74.1,64.2,62.6,59.7,55.3,83.0,62.0,45.0,7.0,3.0,0.0,30.2,30.02,
10/07/2016,86.8,78.9,71.0,63.6,59.5,53.3,73.0,53.0,33.0,10.0,3.6,0.0,30.02,29.83,
11/07/2016,73.8,69.6,65.2,61.8,56.5,53.2,77.0,64.0,53.0,10.0,4.7,1.0,29.96,29.88,
12/07/2016,71.7,65.6,58.4,56.8,53.8,50.2,86.0,67.0,48.0,12.0,3.7,0.0,30.01,29.94,
13/07/2016,66.6,61.6,56.4,54.9,50.1,44.7,87.0,67.0,48.0,12.0,5.3,0.0,30.19,29.99,
14/07/2016,69.3,61.9,55.7,51.4,48.7,45.4,81.0,63.0,44.0,11.0,5.6,1.0,30.33,30.17,
15/07/2016,75.2,66.5,56.9,53.4,49.3,45.8,82.0,56.0,36.0,7.0,3.3,0.0,30.38,30.32,
16/07/2016,81.0,70.3,62.5,62.5,56.9,50.3,70.0,63.0,52.0,6.0,3.1,0.0,30.36,30.24,
17/07/2016,83.7,75.4,66.8,62.9,60.1,55.4,74.0,60.0,48.0,8.0,3.4,0.0,30.26,30.15,
18/07/2016,89.1,79.0,68.4,63.6,61.3,59.0,73.0,56.0,41.0,7.0,2.9,0.0,30.2,30.09,
19/07/2016,96.2,85.6,74.4,65.6,62.6,60.1,65.0,48.0,31.0,7.0,2.7,0.0,30.13,29.94,
20/07/2016,86.0,81.8,75.5,66.8,62.8,60.0,66.0,53.0,45.0,8.0,4.2,0.0,29.97,29.88,
21/07/2016,78.8,72.9,65.8,66.9,60.5,57.4,77.0,66.0,54.0,9.0,4.7,1.0,30.05,29.94,
22/07/2016,81.1,72.8,65.2,61.2,57.4,54.6,72.0,59.0,46.0,10.0,5.5,1.0,30.08,30.0,
23/07/2016,81.2,72.1,62.5,59.6,57.4,55.9,82.0,61.0,44.0,11.0,6.5,3.0,30.17,30.08,
24/07/2016,81.8,73.3,65.6,60.2,57.5,55.5,71.0,59.0,44.0,8.0,3.9,0.0,30.19,30.09,
25/07/2016,78.8,74.5,70.3,67.0,62.2,58.8,82.0,66.0,57.0,11.0,3.9,0.0,30.17,30.11,
26/07/2016,74.6,68.0,61.0,59.7,55.0,52.3,81.0,64.0,49.0,10.0,5.4,2.0,30.22,30.15,
27/07/2016,78.0,69.2,62.9,60.3,55.8,52.5,72.0,63.0,49.0,8.0,3.5,0.0,30.18,30.06,
28/07/2016,77.1,71.0,65.7,62.0,59.3,54.1,87.0,68.0,46.0,7.0,3.8,1.0,30.07,30.0,
29/07/2016,79.2,72.3,65.2,62.8,60.2,56.9,88.0,67.0,50.0,9.0,4.1,1.0,30.0,29.92,
30/07/2016,73.8,69.5,65.4,58.6,56.0,53.9,74.0,63.0,52.0,8.0,3.9,1.0,29.97,29.94,
31/07/2016,76.8,69.1,63.7,58.2,55.4,51.2,80.0,63.0,44.0,9.0,4.5,1.0,30.12,29.96,
1/08/2016,75.6,68.0,60.3,54.6,51.3,49.1,77.0,57.0,41.0,7.0,3.6,0.0,30.16,30.08,
2/08/2016,73.8,67.8,62.5,62.8,59.2,50.8,88.0,75.0,50.0,7.0,3.7,1.0,30.08,30.01,
3/08/2016,77.8,71.0,65.6,63.4,60.9,58.8,84.0,71.0,55.0,8.0,3.8,1.0,30.03,29.9,
4/08/2016,71.9,66.9,62.1,63.3,56.9,54.2,82.0,71.0,55.0,8.0,3.4,0.0,30.01,29.92,
5/08/2016,73.6,66.4,58.6,57.4,54.2,51.3,85.0,66.0,49.0,9.0,4.5,1.0,30.28,30.01,
6/08/2016,76.8,68.3,60.2,56.9,54.5,52.8,81.0,63.0,45.0,7.0,3.5,0.0,30.42,30.28,
7/08/2016,86.1,74.3,65.0,64.2,57.7,53.1,77.0,58.0,38.0,10.0,2.5,0.0,30.43,30.23,
8/08/2016,73.6,68.0,62.8,63.7,56.0,50.1,79.0,66.0,52.0,11.0,5.5,2.0,30.26,30.19,
9/08/2016,71.4,64.7,58.9,53.4,48.5,42.5,81.0,58.0,37.0,12.0,6.2,2.0,30.27,30.22,
10/08/2016,65.9,60.9,55.7,51.3,48.4,44.3,80.0,65.0,47.0,10.0,5.6,1.0,30.31,30.22,
11/08/2016,73.8,64.5,56.7,54.7,49.9,46.2,76.0,60.0,41.0,9.0,3.8,0.0,30.32,30.21,
12/08/2016,81.8,69.4,59.4,60.7,57.3,53.2,87.0,67.0,46.0,6.0,2.9,0.0,30.34,30.25,
13/08/2016,83.0,73.0,61.5,58.5,54.9,50.3,82.0,55.0,34.0,8.0,3.3,0.0,30.28,30.19,
14/08/2016,80.5,71.5,63.0,59.6,57.1,54.9,78.0,62.0,42.0,9.0,4.5,1.0,30.24,30.18,
15/08/2016,81.9,71.4,60.1,59.6,57.4,54.1,81.0,63.0,44.0,9.0,5.6,2.0,30.23,30.07,
16/08/2016,85.9,73.5,62.3,62.3,58.1,54.3,75.0,60.0,38.0,9.0,4.4,1.0,30.1,29.89,
17/08/2016,86.6,76.3,65.7,61.0,55.3,47.0,74.0,52.0,26.0,8.0,3.8,0.0,29.93,29.8,
18/08/2016,78.0,71.5,66.9,66.6,62.5,54.8,86.0,74.0,45.0,7.0,2.3,0.0,29.84,29.8,
19/08/2016,74.6,68.5,64.0,64.2,60.1,50.5,88.0,75.0,53.0,9.0,3.4,0.0,29.88,29.81,
20/08/2016,76.1,67.8,61.3,60.2,55.6,49.2,86.0,67.0,39.0,10.0,5.1,2.0,30.04,29.87,
21/08/2016,71.6,64.7,59.4,56.3,53.0,50.3,78.0,66.0,48.0,10.0,4.6,1.0,30.29,30.05,
22/08/2016,83.8,73.2,65.0,58.3,55.2,52.9,66.0,54.0,40.0,7.0,2.5,0.0,30.35,30.28,
23/08/2016,90.8,79.8,68.6,63.2,59.9,57.6,69.0,52.0,37.0,7.0,2.8,0.0,30.29,30.12,
24/08/2016,97.8,84.7,72.7,64.6,62.1,59.1,70.0,49.0,29.0,5.0,1.9,0.0,30.13,30.0,
25/08/2016,98.7,86.5,75.3,66.5,63.0,60.0,65.0,47.0,32.0,5.0,1.6,0.0,30.01,29.89,
26/08/2016,93.5,84.2,74.5,68.4,65.2,62.1,74.0,54.0,40.0,9.0,2.9,0.0,30.03,29.93,
27/08/2016,94.4,83.0,72.1,69.2,66.0,61.5,81.0,59.0,34.0,9.0,3.2,0.0,30.03,29.92,
28/08/2016,85.9,77.1,67.9,65.1,58.8,52.8,77.0,55.0,39.0,9.0,4.3,0.0,30.07,29.92,
29/08/2016,74.2,69.1,65.6,61.2,58.2,53.4,83.0,69.0,51.0,12.0,4.7,1.0,30.26,30.07,
30/08/2016,80.5,70.4,61.0,59.4,57.0,55.4,82.0,64.0,44.0,7.0,4.0,1.0,30.3,30.16,
31/08/2016,83.9,74.3,66.6,58.2,55.6,52.2,69.0,54.0,34.0,11.0,3.3,0.0,30.22,30.13,
1/09/2016,80.7,71.6,63.7,58.5,55.8,53.4,75.0,59.0,42.0,7.0,3.5,0.0,30.28,30.19,
2/09/2016,83.4,73.6,65.1,59.8,57.2,55.1,73.0,58.0,39.0,9.0,2.8,0.0,30.22,30.07,
3/09/2016,83.1,73.3,65.6,60.4,57.9,55.2,74.0,60.0,42.0,7.0,2.8,0.0,30.14,30.0,
4/09/2016,76.6,71.0,67.2,63.9,59.9,56.3,79.0,68.0,52.0,10.0,3.8,0.0,30.1,29.95,
5/09/2016,69.2,65.1,60.4,66.2,60.2,54.4,92.0,84.0,68.0,6.0,2.6,0.0,30.25,30.09,
6/09/2016,75.3,70.7,67.7,66.4,64.3,62.5,87.0,81.0,71.0,5.0,2.1,0.0,30.29,30.2,
7/09/2016,83.9,74.4,64.7,65.3,58.0,52.9,86.0,59.0,36.0,5.0,1.9,0.0,30.2,29.9,
8/09/2016,75.9,71.2,65.4,62.3,57.2,51.7,76.0,62.0,47.0,10.0,3.8,0.0,30.09,29.85,
9/09/2016,79.9,71.2,62.5,54.1,52.8,51.6,71.0,54.0,38.0,5.0,1.9,0.0,30.12,30.01,
10/09/2016,80.2,72.9,65.0,58.9,54.2,52.0,66.0,53.0,39.0,7.0,2.1,0.0,30.05,29.97,
11/09/2016,78.2,71.6,65.8,65.0,62.4,58.7,89.0,74.0,60.0,5.0,2.0,0.0,30.09,30.01,
12/09/2016,89.9,78.3,67.8,64.3,61.5,58.7,81.0,59.0,37.0,6.0,1.5,0.0,30.02,29.9,
13/09/2016,90.2,81.3,75.4,63.7,61.2,55.9,62.0,51.0,32.0,9.0,2.8,0.0,29.91,29.74,
14/09/2016,83.6,75.9,66.6,63.5,59.0,56.8,73.0,57.0,43.0,8.0,3.2,0.0,29.91,29.73,
15/09/2016,69.3,66.2,63.4,63.3,60.6,56.4,90.0,83.0,73.0,7.0,3.3,0.0,29.95,29.79,
16/09/2016,70.1,64.0,60.5,58.8,56.7,54.5,90.0,78.0,60.0,11.0,4.6,0.0,29.99,29.9,
17/09/2016,64.1,60.1,57.5,56.6,54.4,52.7,89.0,81.0,71.0,11.0,5.4,1.0,30.1,29.99,
18/09/2016,71.2,63.0,57.0,61.3,57.2,53.6,90.0,82.0,66.0,11.0,4.6,0.0,30.13,30.05,
19/09/2016,67.0,63.3,59.6,58.7,57.2,55.8,91.0,81.0,68.0,8.0,4.4,2.0,30.17,30.12,
20/09/2016,69.7,65.0,61.8,57.5,54.8,50.3,84.0,70.0,53.0,6.0,2.8,0.0,30.13,30.05,
21/09/2016,72.3,65.3,57.3,54.5,52.3,48.4,81.0,64.0,48.0,5.0,1.0,0.0,30.11,30.06,
22/09/2016,74.9,67.1,59.1,54.9,53.6,51.2,82.0,63.0,45.0,5.0,1.3,0.0,30.18,30.11,
23/09/2016,76.1,68.2,61.2,56.1,54.5,53.1,80.0,63.0,46.0,8.0,1.7,0.0,30.31,30.18,
24/09/2016,76.1,67.9,58.7,55.8,52.4,49.5,80.0,59.0,40.0,8.0,3.1,0.0,30.27,30.03,
25/09/2016,69.4,64.4,60.4,59.3,52.5,47.3,84.0,66.0,51.0,8.0,3.6,0.0,30.24,29.98,
26/09/2016,69.7,62.8,58.1,52.0,49.9,45.4,79.0,64.0,43.0,6.0,2.1,0.0,30.26,30.21,
27/09/2016,74.9,65.1,57.4,51.3,49.9,48.7,75.0,59.0,42.0,6.0,2.4,0.0,30.33,30.25,
14/10/2016,54.8,53.6,53.1,51.3,50.8,50.2,92.0,90.0,88.0,4.0,2.4,1.0,29.71,29.66,0.23
15/10/2016,64.7,56.3,48.8,53.1,49.9,45.4,91.0,80.0,63.0,9.0,4.5,1.0,30.03,29.71,0.01
16/10/2016,70.9,60.4,51.8,54.1,50.7,47.4,86.0,71.0,55.0,7.0,3.5,0.0,30.15,30.03,0.0
17/10/2016,65.7,59.7,55.7,55.3,53.4,51.3,90.0,80.0,63.0,5.0,2.1,0.0,30.29,30.14,0.08
18/10/2016,61.4,56.3,53.2,51.9,49.4,47.5,85.0,78.0,62.0,8.0,3.0,0.0,30.31,30.23,0.13
19/10/2016,57.1,52.7,49.2,47.9,45.9,43.7,83.0,78.0,67.0,7.0,3.6,1.0,30.27,30.17,0.0
20/10/2016,57.4,53.6,51.0,50.7,47.9,45.2,87.0,81.0,72.0,9.0,4.9,2.0,30.17,30.08,0.06
21/10/2016,56.8,53.4,51.1,50.0,48.2,46.8,86.0,83.0,73.0,7.0,3.5,0.0,30.12,30.08,0.13
22/10/2016,57.4,53.0,48.6,48.6,46.7,43.9,91.0,79.0,62.0,5.0,1.9,0.0,30.08,29.96,0.0
23/10/2016,56.5,50.1,43.8,50.1,45.2,40.8,91.0,84.0,66.0,6.0,3.3,1.0,29.95,29.78,0.39
24/10/2016,59.3,55.9,52.5,55.4,52.8,49.9,92.0,89.0,86.0,4.0,0.6,0.0,30.07,29.8,0.09
25/10/2016,61.7,58.0,54.2,56.4,54.5,51.6,92.0,88.0,81.0,5.0,1.4,0.0,30.36,30.07,0.0
26/10/2016,56.9,53.9,50.5,52.5,50.4,48.5,93.0,88.0,81.0,6.0,2.6,0.0,30.55,30.35,0.0
27/10/2016,61.5,54.9,50.6,52.1,49.9,48.0,93.0,84.0,69.0,4.0,1.6,0.0,30.63,30.55,0.0
28/10/2016,59.7,55.9,51.4,50.1,48.9,47.4,86.0,78.0,68.0,5.0,1.4,0.0,30.66,30.59,0.0
29/10/2016,58.7,57.1,55.4,52.2,50.8,49.5,84.0,80.0,74.0,4.0,2.5,1.0,30.63,30.5,0.0
30/10/2016,63.6,56.3,49.7,50.8,48.7,46.0,87.0,76.0,58.0,6.0,3.0,1.0,30.5,30.36,0.0
31/10/2016,65.3,57.2,51.0,52.0,48.7,45.7,83.0,74.0,59.0,5.0,2.4,0.0,30.38,30.28,0.0
1/11/2016,59.9,55.2,49.8,51.2,47.9,45.4,85.0,77.0,64.0,5.0,1.9,0.0,30.27,30.17,0.0
2/11/2016,56.3,52.3,46.5,51.5,43.8,36.4,88.0,73.0,55.0,8.0,5.0,1.0,30.28,30.18,0.0
3/11/2016,55.6,48.8,43.1,41.5,38.8,37.0,80.0,69.0,52.0,6.0,2.4,0.0,30.24,30.08,0.0
4/11/2016,47.8,46.1,44.5,44.8,41.7,39.2,90.0,85.0,79.0,5.0,3.0,0.0,30.08,29.71,0.27
5/11/2016,53.3,49.2,46.8,46.7,43.1,37.8,94.0,80.0,57.0,13.0,4.6,1.0,29.71,29.61,0.02
6/11/2016,50.0,45.5,42.7,42.2,37.8,34.3,85.0,75.0,58.0,7.0,4.2,2.0,29.71,29.65,0.01
7/11/2016,42.7,39.9,36.5,38.1,35.7,33.6,91.0,85.0,78.0,8.0,4.6,2.0,29.85,29.64,0.38
8/11/2016,47.6,43.4,39.8,39.1,37.4,35.7,87.0,80.0,69.0,7.0,3.8,2.0,29.9,29.74,0.0
9/11/2016,51.5,46.5,43.2,46.2,42.2,39.1,92.0,85.0,73.0,12.0,6.3,1.0,29.76,29.47,0.57
10/11/2016,52.6,49.6,47.0,47.7,45.2,42.5,89.0,85.0,80.0,7.0,3.9,1.0,29.85,29.76,0.27
11/11/2016,50.7,46.9,43.0,44.3,38.3,33.2,87.0,73.0,54.0,9.0,5.4,1.0,30.26,29.85,0.0
12/11/2016,44.6,41.9,37.9,42.4,36.2,31.4,92.0,80.0,70.0,7.0,4.2,1.0,30.26,30.09,0.12
13/11/2016,51.3,47.9,44.6,48.2,45.2,42.4,93.0,90.0,84.0,8.0,4.0,0.0,30.37,30.08,0.11
14/11/2016,49.9,47.5,44.8,46.4,42.6,40.0,91.0,83.0,74.0,7.0,2.6,0.0,30.52,30.37,0.01
15/11/2016,56.5,53.0,48.3,53.8,50.3,44.4,94.0,91.0,86.0,4.0,2.1,0.0,30.45,30.31,0.03
16/11/2016,56.4,55.6,55.1,54.2,52.4,50.6,93.0,89.0,84.0,6.0,3.5,1.0,30.31,30.01,0.01
17/11/2016,58.2,55.1,52.6,51.8,49.2,46.9,88.0,81.0,70.0,9.0,5.6,1.0,30.04,29.6,0.02
18/11/2016,55.0,50.5,46.4,50.6,41.8,36.9,87.0,72.0,57.0,10.0,6.1,3.0,29.76,29.53,0.22
19/11/2016,50.6,46.4,42.4,41.1,39.0,37.5,83.0,76.0,65.0,9.0,5.0,1.0,29.87,29.58,0.0
20/11/2016,56.4,53.6,48.3,51.0,47.5,39.3,90.0,80.0,64.0,14.0,7.6,1.0,29.57,29.28,0.32
21/11/2016,62.3,55.5,53.6,53.3,50.1,46.2,91.0,82.0,69.0,10.0,6.0,3.0,29.54,29.34,0.13
22/11/2016,55.1,52.8,50.0,49.1,46.9,45.4,84.0,80.0,75.0,11.0,4.8,0.0,29.98,29.54,0.0
23/11/2016,60.9,54.6,49.5,53.9,49.9,46.9,92.0,85.0,73.0,6.0,3.1,0.0,30.0,29.91,0.3
24/11/2016,57.1,53.3,49.3,49.9,48.0,45.0,87.0,82.0,76.0,10.0,5.1,2.0,30.03,29.94,0.0
25/11/2016,51.6,48.7,46.2,45.3,43.7,41.9,88.0,83.0,77.0,9.0,5.9,2.0,30.09,29.95,0.0
26/11/2016,52.0,50.5,49.1,45.9,45.0,44.3,85.0,82.0,78.0,5.0,2.8,0.0,30.13,30.07,0.0
27/11/2016,50.1,47.1,44.6,44.5,41.0,34.7,87.0,80.0,62.0,9.0,5.7,3.0,30.22,30.13,0.0
28/11/2016,46.7,42.3,36.7,38.4,30.8,23.0,86.0,65.0,47.0,12.0,6.9,4.0,30.42,30.22,0.0
29/11/2016,41.8,37.0,32.8,26.9,25.0,23.7,71.0,62.0,50.0,7.0,4.1,0.0,30.56,30.42,0.0
30/11/2016,47.0,39.8,33.0,29.6,26.4,23.7,72.0,59.0,47.0,6.0,1.7,0.0,30.65,30.52,0.0
1/12/2016,46.4,41.0,36.2,33.6,30.7,27.5,77.0,67.0,48.0,4.0,1.1,0.0,30.58,30.4,0.0
2/12/2016,46.0,44.1,41.1,41.7,39.0,33.8,87.0,82.0,73.0,6.0,2.7,0.0,30.4,30.25,0.0
3/12/2016,45.1,43.3,38.6,42.1,36.6,28.0,90.0,78.0,65.0,9.0,4.8,2.0,30.25,30.2,0.0
4/12/2016,44.8,39.2,34.2,34.7,30.7,26.7,77.0,72.0,66.0,5.0,2.8,0.0,30.26,30.19,0.0
5/12/2016,50.9,43.8,38.1,39.8,35.9,31.9,80.0,74.0,64.0,4.0,1.7,0.0,30.36,30.26,0.0
6/12/2016,53.1,46.2,41.0,42.2,39.1,35.7,82.0,76.0,65.0,4.0,1.3,0.0,30.51,30.36,0.0
7/12/2016,52.0,45.8,41.2,41.8,39.0,36.1,84.0,77.0,67.0,4.0,2.1,0.0,30.54,30.49,0.0
8/12/2016,52.7,45.4,38.7,42.4,38.6,34.9,87.0,77.0,63.0,6.0,2.7,0.0,30.54,30.46,0.0
9/12/2016,53.9,46.7,41.2,45.1,41.3,37.3,87.0,81.0,72.0,5.0,2.8,0.0,30.52,30.42,0.0
10/12/2016,46.8,42.7,39.6,42.2,39.3,35.7,94.0,88.0,78.0,6.0,3.3,1.0,30.42,30.28,0.0
11/12/2016,52.8,49.0,44.5,46.3,44.4,41.5,91.0,84.0,72.0,7.0,3.0,0.0,30.4,30.27,0.0
12/12/2016,45.5,42.6,39.9,41.6,39.2,37.3,92.0,88.0,79.0,6.0,4.2,0.0,30.4,30.33,0.09
13/12/2016,50.3,46.6,43.7,44.1,41.6,39.1,90.0,83.0,69.0,5.0,3.6,2.0,30.33,30.27,0.12
14/12/2016,52.5,47.2,43.1,41.0,38.9,35.9,81.0,73.0,60.0,6.0,2.0,0.0,30.26,30.19,0.0
15/12/2016,49.6,45.2,39.9,43.4,39.6,35.8,86.0,81.0,72.0,5.0,2.6,0.0,30.27,30.19,0.0
16/12/2016,55.7,49.9,46.7,44.6,42.4,40.5,81.0,76.0,65.0,5.0,1.9,0.0,30.53,30.18,0.0
17/12/2016,47.8,44.5,41.3,41.6,39.8,37.8,92.0,84.0,77.0,7.0,3.3,0.0,30.78,30.54,0.0
18/12/2016,41.6,40.0,38.4,39.4,37.6,36.0,93.0,91.0,88.0,5.0,1.9,0.0,30.76,30.53,0.0
19/12/2016,45.7,41.9,38.2,40.0,36.9,34.3,93.0,83.0,70.0,6.0,3.6,1.0,30.53,30.22,0.0
20/12/2016,45.3,42.2,40.0,38.2,35.8,34.4,83.0,78.0,74.0,5.0,3.3,1.0,30.33,30.19,0.0
21/12/2016,45.9,41.6,36.4,41.5,36.9,32.6,90.0,83.0,75.0,9.0,4.7,2.0,30.43,30.32,0.17
22/12/2016,49.4,47.4,43.9,46.5,44.7,41.4,93.0,90.0,87.0,8.0,3.6,0.0,30.62,30.33,0.51
23/12/2016,47.6,43.4,36.6,44.5,40.3,34.5,94.0,89.0,84.0,8.0,3.3,0.0,30.67,30.47,0.01
24/12/2016,51.1,48.4,44.8,46.8,44.8,41.8,94.0,88.0,78.0,6.0,3.5,1.0,30.56,30.44,0.02
25/12/2016,53.2,51.0,47.9,49.0,45.8,42.7,87.0,82.0,80.0,7.0,3.4,1.0,30.53,30.46,0.0
26/12/2016,54.2,51.4,45.4,50.3,45.5,38.3,92.0,81.0,65.0,12.0,4.3,1.0,30.77,30.44,0.01
27/12/2016,49.4,44.2,41.4,38.4,36.8,35.8,82.0,75.0,61.0,5.0,2.2,0.0,30.92,30.77,0.0
28/12/2016,48.0,42.5,38.7,38.4,35.1,33.2,83.0,75.0,62.0,5.0,2.5,0.0,30.9,30.75,0.0
29/12/2016,40.4,35.8,32.8,33.4,31.7,29.2,90.0,85.0,75.0,5.0,2.4,0.0,30.75,30.67,0.0
30/12/2016,35.6,32.7,29.7,33.0,30.2,27.1,92.0,90.0,87.0,4.0,1.6,0.0,30.73,30.68,0.0
31/12/2016,30.0,28.8,27.5,27.7,26.5,25.0,92.0,91.0,89.0,4.0,2.5,1.0,30.68,30.44,0.0
1/01/2017,33.7,29.4,25.9,31.6,27.0,22.9,92.0,91.0,88.0,7.0,4.5,2.0,30.42,30.19,0.01
2/01/2017,38.4,36.4,33.7,35.6,34.1,31.6,93.0,91.0,88.0,7.0,3.2,0.0,30.45,30.23,0.08
3/01/2017,38.1,36.6,35.1,35.1,33.9,31.9,92.0,90.0,87.0,5.0,2.1,0.0,30.51,30.39,0.0
4/01/2017,45.0,41.1,36.0,42.2,36.6,32.0,91.0,84.0,78.0,8.0,4.7,1.0,30.4,30.26,0.02
5/01/2017,44.4,40.3,37.1,37.3,34.7,29.3,87.0,80.0,69.0,8.0,4.1,1.0,30.69,30.39,0.0
6/01/2017,38.6,35.0,31.6,29.3,24.6,20.7,74.0,66.0,54.0,5.0,2.5,1.0,30.76,30.68,0.0
7/01/2017,40.2,33.4,29.2,38.3,27.0,20.6,93.0,78.0,56.0,6.0,2.9,0.0,30.71,30.55,0.03
8/01/2017,48.6,45.0,40.3,44.7,42.3,38.4,98.0,90.0,86.0,4.0,1.5,0.0,30.57,30.51,0.0
9/01/2017,48.4,45.9,43.2,46.1,43.2,40.8,93.0,90.0,87.0,6.0,2.8,0.0,30.52,29.96,0.15
10/01/2017,47.1,45.4,43.1,44.8,41.2,39.4,92.0,85.0,81.0,8.0,3.7,1.0,30.04,29.9,0.08
11/01/2017,53.0,48.3,44.4,48.9,43.2,40.1,91.0,83.0,69.0,10.0,4.7,1.0,30.11,29.93,0.02
12/01/2017,48.9,45.8,41.3,45.4,39.8,34.6,90.0,80.0,72.0,15.0,6.6,2.0,30.14,29.35,0.27
13/01/2017,43.8,40.0,37.0,36.0,33.7,30.9,86.0,78.0,61.0,13.0,7.3,4.0,30.03,29.61,0.05
14/01/2017,42.6,39.3,36.2,37.8,33.9,30.5,88.0,81.0,71.0,11.0,5.4,3.0,30.24,30.04,0.05
15/01/2017,41.4,37.8,35.7,35.2,33.8,32.6,92.0,85.0,74.0,7.0,3.4,0.0,30.32,30.21,0.21
16/01/2017,39.1,37.3,35.1,34.8,33.3,31.2,92.0,86.0,76.0,6.0,3.2,0.0,30.49,30.22,0.0
17/01/2017,35.3,31.4,29.1,31.5,26.4,23.2,88.0,82.0,73.0,9.0,5.8,2.0,30.64,30.49,0.0
18/01/2017,34.9,30.6,26.8,24.5,22.3,20.8,78.0,71.0,60.0,10.0,6.4,4.0,30.64,30.58,0.0
19/01/2017,35.1,31.3,27.2,25.9,22.6,19.7,75.0,70.0,64.0,7.0,4.6,1.0,30.59,30.54,0.0
20/01/2017,36.4,32.7,29.7,25.7,22.8,20.3,70.0,67.0,62.0,5.0,3.2,1.0,30.54,30.44,0.0
21/01/2017,40.2,34.1,26.9,29.9,25.5,21.0,79.0,71.0,61.0,4.0,2.0,0.0,30.44,30.35,0.0
22/01/2017,42.3,37.1,32.2,29.8,26.9,24.0,77.0,67.0,49.0,7.0,2.7,0.0,30.39,30.32,0.0
23/01/2017,36.4,32.6,28.2,30.8,27.6,24.6,95.0,82.0,70.0,7.0,4.2,2.0,30.43,30.37,0.0
24/01/2017,38.9,34.0,29.6,34.8,30.6,27.0,91.0,87.0,83.0,5.0,2.6,0.0,30.47,30.4,0.0
25/01/2017,35.0,32.7,27.6,31.5,27.4,21.1,88.0,81.0,76.0,7.0,4.4,2.0,30.45,30.36,0.0
26/01/2017,39.7,31.7,25.4,27.7,23.2,19.5,78.0,71.0,60.0,7.0,4.4,2.0,30.36,30.07,0.0
27/01/2017,50.2,42.7,34.6,40.0,34.2,25.1,80.0,72.0,63.0,7.0,4.2,1.0,30.07,29.94,0.0
28/01/2017,50.4,48.6,44.4,43.1,40.4,38.0,81.0,73.0,67.0,7.0,4.2,1.0,30.14,29.95,0.0
29/01/2017,47.1,43.7,39.9,42.3,39.8,37.2,91.0,86.0,81.0,7.0,4.3,1.0,30.2,30.02,0.03
30/01/2017,53.9,50.4,46.2,50.3,46.5,40.8,91.0,87.0,77.0,7.0,3.3,0.0,30.02,29.94,0.04
31/01/2017,57.2,54.1,52.5,52.9,51.3,49.7,93.0,90.0,85.0,4.0,1.4,0.0,30.02,29.97,0.09
1/02/2017,55.6,52.7,50.1,50.7,48.5,47.0,95.0,86.0,78.0,7.0,4.3,2.0,30.0,29.86,0.0
2/02/2017,56.0,52.4,48.4,49.7,46.4,44.1,89.0,80.0,68.0,8.0,5.2,1.0,29.87,29.63,0.01
3/02/2017,53.2,49.1,46.0,46.5,43.6,40.9,90.0,81.0,66.0,11.0,6.5,3.0,29.71,29.45,0.09
4/02/2017,47.2,45.0,43.3,44.5,41.0,38.6,92.0,86.0,80.0,11.0,4.7,0.0,29.69,29.31,0.61
5/02/2017,53.0,47.2,42.8,44.9,42.0,38.5,92.0,82.0,68.0,13.0,4.2,1.0,29.85,29.44,0.11
6/02/2017,49.0,45.6,41.9,40.8,38.9,37.3,89.0,78.0,67.0,15.0,5.5,1.0,30.16,29.86,0.01
7/02/2017,53.8,47.0,42.8,47.1,40.8,37.3,93.0,80.0,62.0,11.0,4.7,0.0,30.11,29.99,0.39
8/02/2017,47.2,44.6,40.4,40.4,38.8,36.2,88.0,80.0,69.0,10.0,5.8,2.0,30.37,30.11,0.0
9/02/2017,40.5,39.4,38.5,36.7,35.1,32.6,89.0,84.0,74.0,8.0,5.9,3.0,30.37,30.2,0.0
10/02/2017,40.0,36.6,34.1,32.6,29.6,26.1,88.0,76.0,69.0,8.0,5.5,2.0,30.2,30.15,0.01
11/02/2017,35.8,34.3,32.6,31.4,28.9,26.2,84.0,80.0,74.0,8.0,4.3,2.0,30.18,30.13,0.0
12/02/2017,49.0,40.6,34.6,43.6,35.4,28.4,86.0,82.0,74.0,5.0,2.9,1.0,30.17,30.1,0.0
13/02/2017,50.4,45.1,39.8,41.3,36.3,32.6,78.0,72.0,61.0,7.0,3.7,1.0,30.19,30.11,0.0
14/02/2017,56.4,48.1,42.1,46.0,40.1,34.3,82.0,74.0,67.0,8.0,4.0,0.0,30.42,30.16,0.02
15/02/2017,63.2,55.5,48.3,49.8,45.8,41.4,78.0,70.0,58.0,6.0,3.3,0.0,30.53,30.42,0.0
16/02/2017,57.2,53.8,49.1,50.8,48.3,44.8,87.0,82.0,73.0,5.0,1.8,0.0,30.53,30.44,0.09
17/02/2017,51.0,48.2,44.9,45.1,43.4,41.7,90.0,84.0,75.0,5.0,2.1,0.0,30.47,30.41,0.0
18/02/2017,54.6,47.4,40.6,44.1,41.3,37.7,90.0,80.0,60.0,5.0,1.5,0.0,30.41,30.31,0.0
19/02/2017,54.2,48.4,41.3,44.5,40.9,37.1,86.0,76.0,63.0,5.0,1.9,0.0,30.36,30.3,0.0
20/02/2017,55.3,52.1,49.0,51.9,47.0,42.5,90.0,83.0,74.0,6.0,2.9,0.0,30.32,30.21,0.0
21/02/2017,56.1,53.8,51.1,51.1,49.3,47.1,89.0,85.0,78.0,8.0,5.0,3.0,30.23,30.16,0.0
22/02/2017,55.1,53.5,52.4,48.3,46.0,45.1,82.0,76.0,72.0,9.0,4.9,3.0,30.16,29.99,0.0
23/02/2017,56.0,51.4,48.0,48.1,42.6,36.4,83.0,73.0,53.0,11.0,6.6,3.0,29.99,29.67,0.0
24/02/2017,48.6,45.9,43.3,38.1,35.4,30.6,79.0,67.0,51.0,10.0,5.9,0.0,30.25,29.87,0.01
25/02/2017,54.1,47.0,39.3,37.7,34.3,31.0,72.0,61.0,52.0,8.0,3.6,0.0,30.26,30.08,0.0
26/02/2017,55.8,50.9,45.4,48.9,42.7,35.0,82.0,74.0,61.0,7.0,4.4,1.0,30.08,29.88,0.0
27/02/2017,55.1,50.9,43.2,47.5,42.8,35.1,84.0,74.0,66.0,14.0,8.0,5.0,29.89,29.39,0.27
28/02/2017,48.8,44.3,41.1,39.9,36.9,34.9,87.0,76.0,59.0,10.0,6.5,4.0,29.63,29.31,0.17
1/03/2017,54.3,48.5,45.0,51.3,43.6,38.8,92.0,83.0,73.0,10.0,5.6,1.0,29.79,29.61,0.39
2/03/2017,55.0,49.6,44.8,41.6,38.3,35.7,79.0,66.0,50.0,9.0,4.9,1.0,30.09,29.79,0.0
3/03/2017,61.2,53.1,46.3,47.8,42.1,35.8,74.0,67.0,59.0,7.0,4.3,1.0,30.02,29.42,0.0
4/03/2017,57.0,49.4,46.9,48.1,45.1,41.1,94.0,85.0,66.0,8.0,4.2,1.0,29.57,29.31,0.65
5/03/2017,51.3,45.8,42.0,44.0,39.9,37.6,89.0,80.0,68.0,13.0,6.5,2.0,29.71,29.45,0.42
6/03/2017,47.7,45.2,41.2,41.5,39.4,37.4,88.0,80.0,68.0,10.0,5.3,1.0,29.98,29.58,0.52
7/03/2017,51.0,47.3,44.2,41.2,38.5,35.6,88.0,72.0,57.0,8.0,4.4,0.0,30.22,29.99,0.09
8/03/2017,57.6,51.5,44.6,53.5,47.8,38.9,92.0,87.0,77.0,7.0,4.5,2.0,30.22,30.1,0.06
9/03/2017,59.3,56.4,54.0,53.5,51.8,49.0,90.0,85.0,80.0,7.0,4.0,2.0,30.37,30.2,0.0
10/03/2017,53.9,51.1,47.7,49.2,46.6,44.9,90.0,84.0,78.0,5.0,2.4,0.0,30.41,30.27,0.0
11/03/2017,65.8,55.2,46.3,45.2,39.7,34.5,79.0,58.0,33.0,3.0,1.4,0.0,30.27,30.01,0.0
12/03/2017,63.2,54.3,49.5,50.5,43.4,38.3,85.0,68.0,41.0,9.0,3.4,0.0,30.11,29.92,0.0
13/03/2017,59.9,53.2,48.0,48.0,45.9,43.2,87.0,77.0,64.0,11.0,6.2,2.0,30.57,30.12,0.0
14/03/2017,59.9,52.3,46.6,46.9,44.4,40.9,83.0,75.0,59.0,10.0,3.8,0.0,30.61,30.56,0.0
15/03/2017,60.6,55.0,50.7,49.2,46.7,44.1,83.0,74.0,62.0,8.0,3.2,1.0,30.59,30.44,0.0
16/03/2017,69.8,60.1,50.0,49.5,47.1,45.0,84.0,64.0,44.0,4.0,1.6,0.0,30.44,30.12,0.0
17/03/2017,61.1,52.7,47.3,49.3,42.9,36.7,89.0,70.0,52.0,11.0,5.1,0.0,30.21,30.11,0.0
18/03/2017,59.1,52.7,46.5,51.4,47.0,38.5,88.0,81.0,69.0,10.0,6.0,4.0,30.12,30.0,0.04
19/03/2017,57.3,55.5,53.4,51.2,48.7,46.0,88.0,78.0,68.0,8.0,4.3,1.0,30.08,30.01,0.0
20/03/2017,55.4,53.9,51.5,47.5,45.2,42.8,80.0,73.0,64.0,8.0,4.6,1.0,30.01,29.88,0.0
21/03/2017,53.5,51.0,46.6,48.2,39.9,31.6,87.0,67.0,46.0,9.0,4.0,0.0,30.0,29.88,0.04
22/03/2017,55.8,49.0,41.6,43.9,38.7,34.7,88.0,69.0,46.0,10.0,5.6,1.0,29.99,29.81,0.01
23/03/2017,58.7,51.1,45.5,48.7,43.6,38.7,92.0,76.0,64.0,11.0,3.7,0.0,30.1,29.79,0.45
24/03/2017,56.8,52.2,48.6,49.9,46.8,45.1,90.0,82.0,72.0,9.0,4.1,0.0,30.33,30.1,0.21
25/03/2017,66.9,55.6,46.0,45.7,38.9,32.6,80.0,57.0,29.0,14.0,7.0,2.0,30.33,30.08,0.0
26/03/2017,65.0,56.7,48.1,46.8,40.6,34.8,62.0,55.0,48.0,7.0,3.1,1.0,30.19,30.11,0.0
27/03/2017,67.4,59.5,50.2,46.1,43.0,39.1,70.0,56.0,36.0,6.0,2.1,0.0,30.19,30.11,0.0
28/03/2017,66.2,59.8,53.0,49.2,46.1,43.5,71.0,61.0,47.0,6.0,2.5,0.0,30.34,30.16,0.0
29/03/2017,69.7,60.2,51.3,48.3,45.9,43.1,74.0,60.0,46.0,6.0,2.6,0.0,30.41,30.31,0.0
30/03/2017,75.1,65.2,55.4,48.2,45.8,41.7,69.0,51.0,31.0,7.0,3.1,0.0,30.34,30.07,0.0
31/03/2017,66.7,61.6,55.7,51.2,46.6,43.0,82.0,59.0,45.0,8.0,4.5,1.0,30.07,29.96,0.11
1/04/2017,63.4,56.6,51.2,49.5,45.0,40.4,82.0,67.0,45.0,7.0,3.4,1.0,30.01,29.92,0.0
2/04/2017,64.6,57.9,50.4,47.1,44.6,42.7,77.0,62.0,47.0,8.0,3.8,0.0,30.33,30.01,0.0
3/04/2017,67.8,59.2,51.1,47.4,43.6,39.0,79.0,59.0,36.0,7.0,2.9,0.0,30.36,30.28,0.0
4/04/2017,62.6,58.0,53.3,47.4,45.3,42.5,79.0,63.0,50.0,10.0,4.1,0.0,30.35,30.26,0.0
5/04/2017,60.2,53.6,48.4,47.6,44.0,38.4,82.0,71.0,50.0,14.0,7.9,5.0,30.44,30.34,0.0
6/04/2017,58.1,52.0,45.8,40.4,38.5,35.4,78.0,61.0,47.0,10.0,6.5,2.0,30.48,30.4,0.0
7/04/2017,66.2,56.1,47.1,47.7,41.6,38.1,72.0,59.0,46.0,6.0,2.9,0.0,30.43,30.29,0.0
8/04/2017,70.6,60.5,50.7,47.3,45.1,42.5,79.0,59.0,37.0,6.0,2.8,1.0,30.31,30.2,0.0
9/04/2017,79.1,66.7,55.4,46.7,42.8,35.4,63.0,44.0,21.0,4.0,1.0,0.0,30.25,30.16,0.0
10/04/2017,68.0,58.2,51.6,48.5,44.9,36.6,82.0,62.0,44.0,11.0,6.5,0.0,30.36,30.17,0.0
11/04/2017,62.7,54.4,47.5,41.6,37.3,32.9,71.0,54.0,37.0,8.0,4.3,1.0,30.42,30.32,0.0
12/04/2017,66.2,56.5,48.1,47.2,41.1,37.3,70.0,57.0,42.0,11.0,4.7,1.0,30.35,30.09,0.0
13/04/2017,60.2,54.2,48.4,46.6,44.4,42.0,85.0,70.0,54.0,8.0,4.2,1.0,30.16,30.08,0.0
14/04/2017,61.8,56.5,51.5,45.5,41.7,38.9,69.0,58.0,46.0,8.0,4.1,1.0,30.13,30.07,0.0
15/04/2017,60.3,54.3,50.2,51.8,45.7,41.8,85.0,73.0,60.0,9.0,4.6,2.0,30.22,30.11,0.04
16/04/2017,58.3,52.4,46.5,42.9,40.2,37.9,81.0,64.0,48.0,9.0,5.3,3.0,30.3,30.22,0.0
17/04/2017,56.9,52.1,49.3,47.3,42.3,36.0,81.0,70.0,54.0,12.0,5.9,1.0,30.29,30.15,0.02
18/04/2017,53.5,47.9,43.5,39.1,33.9,29.8,79.0,59.0,41.0,11.0,5.9,2.0,30.48,30.29,0.02
19/04/2017,52.3,46.8,40.5,36.4,30.0,22.1,80.0,55.0,31.0,11.0,7.2,4.0,30.62,30.48,0.0
20/04/2017,56.5,47.8,38.5,28.8,25.7,23.1,61.0,43.0,30.0,8.0,4.1,2.0,30.68,30.57,0.0
21/04/2017,65.9,55.1,45.6,43.6,33.3,26.4,58.0,45.0,28.0,7.0,2.7,0.0,30.58,30.42,0.0
22/04/2017,60.6,55.3,52.5,46.9,44.5,41.5,76.0,67.0,53.0,9.0,4.3,1.0,30.43,30.32,0.0
23/04/2017,58.4,51.9,45.1,41.7,35.9,31.9,71.0,55.0,43.0,8.0,4.7,1.0,30.4,30.26,0.0
24/04/2017,63.4,54.7,46.4,41.9,35.8,33.0,60.0,50.0,34.0,8.0,3.7,0.0,30.26,29.92,0.0
25/04/2017,55.1,49.1,43.3,43.7,32.9,23.9,79.0,55.0,36.0,11.0,6.1,3.0,29.96,29.88,0.02
26/04/2017,49.7,45.4,41.2,39.0,32.7,26.9,78.0,62.0,49.0,12.0,5.5,1.0,30.09,29.93,0.09
27/04/2017,53.1,46.0,39.9,36.1,33.0,27.2,80.0,62.0,39.0,11.0,5.6,1.0,30.15,30.09,0.02
28/04/2017,57.8,49.7,43.6,44.3,39.4,31.2,85.0,68.0,50.0,11.0,2.7,0.0,30.12,30.06,0.09
29/04/2017,63.5,55.9,47.7,44.6,41.5,37.4,84.0,61.0,39.0,6.0,2.5,0.0,30.12,29.89,0.0
30/04/2017,65.4,56.1,49.5,50.1,40.4,35.4,90.0,58.0,34.0,9.0,5.2,2.0,29.89,29.53,0.4
1/05/2017,61.7,53.7,47.2,45.0,40.1,33.2,84.0,62.0,36.0,10.0,6.2,3.0,30.0,29.68,0.0
2/05/2017,62.4,55.7,49.2,45.2,42.3,36.7,81.0,62.0,40.0,11.0,4.2,1.0,30.14,29.99,0.0
3/05/2017,55.5,51.5,50.0,47.8,46.4,43.7,87.0,83.0,66.0,8.0,4.2,1.0,30.14,30.09,0.24
4/05/2017,62.6,54.0,48.9,50.5,47.5,45.2,89.0,79.0,58.0,8.0,3.6,0.0,30.13,30.06,0.17
5/05/2017,65.8,56.9,48.6,50.3,48.0,45.0,88.0,73.0,54.0,8.0,4.5,1.0,30.14,29.89,0.0
6/05/2017,59.2,55.4,53.5,51.9,48.8,45.8,91.0,79.0,68.0,6.0,3.3,0.0,29.93,29.76,0.08
7/05/2017,57.5,53.8,51.2,51.7,48.5,45.7,92.0,83.0,70.0,11.0,6.4,3.0,30.24,29.93,0.27
8/05/2017,54.1,51.5,49.7,47.9,45.0,39.5,87.0,79.0,62.0,10.0,6.2,2.0,30.29,30.22,0.01
9/05/2017,62.1,53.8,43.7,47.3,40.4,37.3,86.0,63.0,43.0,11.0,6.0,3.0,30.27,29.97,0.0
10/05/2017,71.6,60.4,46.8,47.8,41.4,37.4,71.0,51.0,35.0,6.0,3.3,0.0,29.96,29.58,0.0
11/05/2017,69.7,62.9,59.1,55.8,52.2,46.6,88.0,69.0,50.0,8.0,4.0,0.0,29.58,29.44,0.02
12/05/2017,71.6,61.8,55.0,57.9,54.2,50.9,89.0,77.0,54.0,8.0,4.3,2.0,29.75,29.48,0.12
13/05/2017,68.8,62.3,55.7,54.7,51.7,48.0,88.0,70.0,49.0,8.0,4.1,1.0,30.05,29.76,0.0
14/05/2017,68.7,62.3,56.7,54.6,49.9,47.0,76.0,64.0,50.0,8.0,3.9,1.0,30.36,30.05,0.08
15/05/2017,76.7,66.5,56.3,53.6,51.5,49.4,80.0,60.0,42.0,6.0,2.9,0.0,30.44,30.36,0.0
16/05/2017,82.8,74.0,64.4,57.1,53.6,50.5,69.0,51.0,34.0,7.0,2.9,0.0,30.39,30.27,0.0
17/05/2017,84.1,74.8,65.1,63.5,57.5,51.7,88.0,57.0,36.0,9.0,3.2,0.0,30.27,29.9,0.26
18/05/2017,71.4,62.6,52.4,61.4,56.7,48.9,91.0,82.0,61.0,10.0,4.3,0.0,29.96,29.78,0.73
19/05/2017,63.0,55.2,50.4,48.9,45.8,40.1,88.0,72.0,43.0,11.0,4.6,2.0,30.07,29.94,0.04
20/05/2017,66.3,57.2,49.4,48.2,45.7,43.0,82.0,67.0,45.0,8.0,3.8,1.0,30.32,30.07,0.0
21/05/2017,72.2,64.1,55.4,51.2,47.9,45.9,78.0,57.0,40.0,6.0,2.6,0.0,30.35,30.16,0.0
22/05/2017,80.2,70.4,59.6,57.4,50.5,46.2,63.0,50.0,34.0,6.0,2.4,0.0,30.16,30.0,0.0
23/05/2017,75.6,68.4,58.9,58.3,55.4,52.6,83.0,64.0,47.0,10.0,5.4,0.0,30.31,30.05,0.0
24/05/2017,75.5,68.1,60.6,58.2,57.0,55.4,86.0,69.0,53.0,8.0,4.5,1.0,30.35,30.27,0.0
25/05/2017,80.4,71.6,62.3,60.0,54.5,48.7,77.0,57.0,38.0,9.0,4.9,1.0,30.28,30.12,0.0
26/05/2017,84.0,75.3,65.3,58.3,54.7,52.4,64.0,50.0,35.0,8.0,4.2,1.0,30.13,29.97,0.0
27/05/2017,88.0,78.3,68.7,66.8,60.3,56.4,73.0,55.0,39.0,7.0,3.1,0.0,30.08,29.97,0.0
28/05/2017,90.5,77.5,65.1,69.1,63.2,57.3,79.0,63.0,45.0,8.0,3.7,1.0,30.1,29.96,0.02
29/05/2017,84.5,78.7,72.2,65.8,62.3,57.4,69.0,58.0,48.0,9.0,3.6,0.0,30.01,29.92,0.0
30/05/2017,72.7,68.9,64.0,61.4,56.8,52.6,81.0,66.0,54.0,9.0,5.2,1.0,30.21,29.99,0.0
31/05/2017,75.7,68.0,61.4,55.5,52.9,50.4,72.0,59.0,48.0,8.0,4.1,1.0,30.27,30.18,0.0
1/06/2017,80.4,70.7,62.6,58.3,56.4,53.6,79.0,62.0,43.0,7.0,3.8,1.0,30.22,30.09,0.0
2/06/2017,82.3,73.7,68.3,66.1,60.6,57.2,82.0,64.0,49.0,8.0,2.5,0.0,30.11,29.99,0.13
3/06/2017,68.9,64.2,58.2,62.0,57.2,46.8,89.0,78.0,64.0,9.0,5.0,1.0,30.09,29.99,0.09
4/06/2017,68.6,61.4,53.6,51.0,46.6,41.5,83.0,60.0,39.0,7.0,4.1,1.0,30.16,30.09,0.0
5/06/2017,74.6,67.2,60.3,51.0,48.3,45.5,62.0,51.0,41.0,9.0,4.4,0.0,30.09,29.7,0.0
6/06/2017,66.6,59.3,55.1,54.7,49.0,43.5,89.0,70.0,52.0,13.0,7.2,4.0,29.95,29.52,0.59
7/06/2017,68.2,60.4,52.8,49.0,46.2,44.3,78.0,61.0,43.0,8.0,5.1,2.0,30.14,29.95,0.0
8/06/2017,81.6,69.7,58.3,59.1,53.4,48.8,74.0,58.0,42.0,9.0,4.4,0.0,30.13,29.88,0.0
9/06/2017,73.6,67.3,61.5,59.2,53.4,46.1,89.0,63.0,40.0,10.0,4.4,1.0,30.11,29.86,0.46
10/06/2017,81.7,73.1,64.3,56.2,52.8,47.5,67.0,50.0,31.0,7.0,2.9,0.0,30.16,30.11,0.0
11/06/2017,86.4,76.7,66.3,63.6,56.2,49.9,75.0,51.0,30.0,13.0,3.1,0.0,30.12,30.0,0.0
12/06/2017,71.0,65.0,58.2,54.7,50.4,47.3,77.0,60.0,47.0,10.0,5.7,3.0,30.2,30.1,0.0
13/06/2017,75.8,67.0,59.0,56.5,50.9,47.6,68.0,57.0,44.0,6.0,3.8,1.0,30.19,30.08,0.0
14/06/2017,86.3,75.1,64.1,61.0,56.2,53.3,68.0,53.0,37.0,5.0,2.9,1.0,30.12,29.96,0.0
15/06/2017,83.3,77.1,69.2,64.4,60.2,54.2,72.0,57.0,38.0,11.0,4.6,0.0,30.17,29.97,0.0
16/06/2017,73.7,66.1,58.6,58.1,52.0,50.2,78.0,62.0,47.0,9.0,6.5,4.0,30.38,30.17,0.0
17/06/2017,81.0,72.0,62.0,60.9,56.6,52.1,73.0,59.0,48.0,7.0,3.5,1.0,30.41,30.29,0.0
18/06/2017,85.8,77.6,68.4,61.7,60.0,57.4,69.0,56.0,42.0,7.0,4.0,1.0,30.31,30.14,0.0
19/06/2017,93.2,82.7,71.9,61.5,57.1,53.5,62.0,44.0,27.0,4.0,2.2,0.0,30.16,30.01,0.0
20/06/2017,94.1,86.1,75.4,61.1,59.7,57.6,60.0,42.0,32.0,8.0,2.7,0.0,30.05,29.99,0.0
21/06/2017,98.2,88.8,78.1,66.1,62.2,59.8,57.0,42.0,31.0,6.0,2.2,0.0,30.03,29.91,0.0
22/06/2017,95.3,85.3,71.3,69.7,65.0,59.8,67.0,52.0,33.0,12.0,3.7,0.0,30.05,29.91,0.0
23/06/2017,74.9,68.5,63.2,59.6,55.5,53.4,76.0,64.0,51.0,9.0,5.9,3.0,30.2,30.05,0.0
24/06/2017,78.8,71.0,64.4,55.1,53.7,51.4,69.0,55.0,42.0,8.0,4.0,1.0,30.19,30.02,0.0
25/06/2017,80.6,73.2,66.8,60.6,57.4,54.7,71.0,59.0,45.0,10.0,4.4,2.0,30.06,29.99,0.0
26/06/2017,83.3,73.9,63.5,61.1,59.2,56.8,81.0,62.0,45.0,7.0,3.8,1.0,30.02,29.84,0.0
27/06/2017,77.3,72.9,69.6,66.5,63.2,59.4,86.0,72.0,55.0,6.0,2.4,0.0,29.86,29.59,0.2
28/06/2017,74.8,67.9,63.7,64.4,59.3,55.9,87.0,75.0,55.0,10.0,4.6,1.0,29.6,29.47,0.13
29/06/2017,71.2,64.3,60.6,58.1,54.2,50.5,80.0,70.0,51.0,9.0,4.6,1.0,29.63,29.49,0.06
30/06/2017,67.7,62.3,58.9,59.5,56.3,53.7,88.0,81.0,70.0,7.0,4.6,0.0,29.85,29.63,0.33
1/07/2017,70.4,63.2,59.3,59.0,56.5,54.2,91.0,80.0,58.0,9.0,5.3,2.0,30.18,29.89,0.22
2/07/2017,74.3,64.1,57.5,62.1,56.1,52.3,91.0,76.0,55.0,8.0,3.8,1.0,30.28,30.18,0.05
3/07/2017,76.2,68.2,61.7,58.3,55.7,53.7,77.0,65.0,50.0,9.0,3.8,1.0,30.29,30.21,0.0
4/07/2017,83.7,72.9,62.7,58.7,56.6,54.4,77.0,58.0,40.0,8.0,2.3,0.0,30.25,30.08,0.0
5/07/2017,91.9,79.1,66.0,61.5,58.9,56.0,78.0,53.0,31.0,7.0,3.1,0.0,30.11,30.0,0.0
6/07/2017,95.6,82.0,71.7,68.8,62.4,57.4,79.0,53.0,29.0,7.0,2.9,0.0,30.05,29.93,0.17
7/07/2017,91.9,81.7,72.2,66.1,61.0,55.6,75.0,52.0,30.0,8.0,3.3,0.0,30.1,30.01,0.0
8/07/2017,86.9,77.3,67.4,60.9,58.0,53.0,68.0,52.0,41.0,8.0,5.0,1.0,30.14,30.0,0.0
9/07/2017,83.7,75.1,66.0,65.8,62.3,59.8,91.0,65.0,49.0,7.0,3.6,0.0,30.04,29.83,1.79
10/07/2017,73.1,68.6,62.4,65.7,62.2,59.4,91.0,81.0,66.0,7.0,2.8,0.0,29.96,29.83,1.17
11/07/2017,76.8,69.4,63.8,60.1,55.4,49.0,77.0,63.0,39.0,8.0,3.2,0.0,30.0,29.92,0.0
12/07/2017,73.5,68.8,63.7,63.0,59.1,54.0,87.0,72.0,56.0,11.0,5.4,2.0,30.21,29.86,0.06
13/07/2017,77.5,68.7,60.7,58.5,54.9,50.3,71.0,62.0,51.0,7.0,3.2,0.0,30.22,30.1,0.01
14/07/2017,74.6,67.5,60.0,58.8,51.7,47.8,72.0,57.0,47.0,12.0,5.8,0.0,30.24,30.12,0.0
15/07/2017,79.5,68.9,59.2,55.0,52.3,48.6,80.0,58.0,39.0,8.0,3.7,1.0,30.31,30.24,0.0
16/07/2017,84.0,74.4,66.5,64.8,59.5,50.0,72.0,60.0,45.0,9.0,4.0,1.0,30.31,30.21,0.0
17/07/2017,85.6,75.1,64.9,64.5,61.2,58.6,83.0,64.0,43.0,8.0,4.3,1.0,30.25,30.1,0.0
18/07/2017,93.0,81.4,68.8,64.6,62.7,60.6,76.0,56.0,37.0,7.0,3.6,1.0,30.12,29.81,0.0
19/07/2017,85.3,79.8,74.5,66.8,63.6,61.8,69.0,58.0,48.0,10.0,4.4,1.0,29.86,29.8,0.02
20/07/2017,74.4,69.8,66.7,62.9,57.2,48.5,81.0,65.0,51.0,9.0,5.5,2.0,30.01,29.86,0.0
21/07/2017,77.7,70.2,62.9,54.9,50.9,46.2,70.0,52.0,36.0,8.0,4.0,0.0,30.0,29.85,0.0
22/07/2017,73.1,66.9,62.2,60.3,55.7,50.8,88.0,68.0,46.0,8.0,4.9,0.0,29.98,29.86,0.11
23/07/2017,71.8,64.5,58.6,56.9,52.4,49.5,84.0,66.0,46.0,8.0,4.6,1.0,30.06,29.97,0.09
24/07/2017,69.1,62.5,58.3,59.7,56.6,54.6,89.0,81.0,66.0,12.0,5.7,2.0,30.06,29.93,0.16
25/07/2017,72.3,65.5,61.3,57.9,55.8,51.7,85.0,72.0,52.0,11.0,6.1,3.0,30.06,29.98,0.0
26/07/2017,74.1,67.0,60.7,64.5,57.8,52.6,86.0,73.0,57.0,7.0,3.5,0.0,30.01,29.89,0.01
27/07/2017,72.3,68.0,63.6,62.4,57.7,49.2,90.0,71.0,45.0,9.0,3.6,0.0,29.92,29.84,0.03
28/07/2017,75.3,68.7,62.6,57.2,54.0,50.6,72.0,60.0,47.0,9.0,3.9,0.0,30.04,29.91,0.0
29/07/2017,82.6,74.0,66.1,63.5,59.7,55.7,75.0,62.0,50.0,9.0,4.8,1.0,30.01,29.85,0.0
30/07/2017,77.7,73.3,69.0,63.1,56.3,49.9,77.0,57.0,38.0,9.0,5.5,2.0,29.94,29.81,0.0
31/07/2017,75.9,69.1,63.0,59.1,54.1,51.4,72.0,59.0,47.0,7.0,2.7,0.0,30.02,29.94,0.02
1/08/2017,80.5,71.7,64.0,60.8,56.0,51.6,80.0,59.0,40.0,7.0,3.0,0.0,30.09,29.97,0.0
2/08/2017,85.5,74.6,66.0,58.4,54.8,49.8,67.0,51.0,39.0,8.0,3.2,0.0,30.11,29.96,0.0
3/08/2017,80.6,74.2,67.0,63.9,56.7,52.3,82.0,56.0,39.0,9.0,5.2,1.0,30.0,29.93,0.02
4/08/2017,78.9,71.6,65.4,62.3,56.5,53.1,75.0,60.0,45.0,7.0,4.2,2.0,30.04,29.99,0.0
5/08/2017,74.4,67.8,61.0,63.3,55.8,47.3,90.0,67.0,47.0,10.0,5.5,0.0,30.23,29.97,0.08
6/08/2017,75.6,66.6,58.5,53.9,49.5,45.2,81.0,57.0,36.0,9.0,3.7,1.0,30.32,30.23,0.0
7/08/2017,81.2,70.1,59.7,52.1,48.2,43.8,67.0,48.0,28.0,8.0,3.3,1.0,30.24,29.93,0.0
8/08/2017,72.4,64.4,60.9,58.6,54.3,49.6,85.0,71.0,45.0,9.0,3.9,0.0,30.0,29.83,0.22
9/08/2017,65.7,61.2,58.5,56.7,53.5,51.1,85.0,76.0,61.0,7.0,2.7,0.0,30.11,30.0,0.4
10/08/2017,68.5,60.6,56.5,55.3,53.2,48.0,88.0,77.0,48.0,7.0,2.4,0.0,30.19,30.11,0.24
11/08/2017,70.8,63.6,57.8,55.7,54.5,53.0,87.0,73.0,54.0,9.0,4.2,1.0,30.19,30.15,0.0
12/08/2017,69.5,63.9,59.5,61.8,57.0,52.2,90.0,79.0,70.0,7.0,3.4,1.0,30.18,30.13,0.1
13/08/2017,74.8,65.7,57.9,59.5,53.1,49.5,85.0,66.0,44.0,6.0,2.1,0.0,30.22,30.17,0.0
14/08/2017,83.1,71.3,60.2,59.0,55.3,52.2,77.0,59.0,41.0,5.0,1.5,0.0,30.18,29.99,0.0
15/08/2017,80.8,73.2,68.4,65.6,61.6,57.5,84.0,68.0,53.0,8.0,3.0,0.0,30.17,29.91,0.02
16/08/2017,78.9,70.9,62.8,64.1,58.6,53.6,80.0,66.0,48.0,7.0,2.9,0.0,30.22,30.13,0.0
17/08/2017,76.8,69.4,64.7,67.5,61.9,55.3,89.0,77.0,62.0,7.0,3.9,0.0,30.12,30.04,0.09
18/08/2017,72.7,68.1,64.4,65.9,61.2,51.9,91.0,80.0,53.0,8.0,3.8,0.0,30.11,30.0,0.22
19/08/2017,70.2,63.7,56.4,53.6,51.5,49.4,80.0,65.0,51.0,7.0,4.1,1.0,30.28,30.11,0.0
20/08/2017,73.7,64.9,56.9,53.4,49.6,46.4,80.0,60.0,39.0,5.0,2.5,0.0,30.36,30.28,0.0
21/08/2017,76.1,70.1,65.5,64.2,57.7,49.3,79.0,65.0,50.0,5.0,2.1,0.0,30.3,30.18,0.0
22/08/2017,84.7,74.4,64.3,64.5,62.5,59.1,90.0,68.0,49.0,5.0,2.4,0.0,30.2,30.01,0.0
23/08/2017,81.3,73.2,67.9,68.1,62.5,57.8,76.0,69.0,60.0,11.0,4.1,0.0,30.1,29.96,0.0
24/08/2017,77.4,69.9,64.4,59.1,57.4,55.8,75.0,65.0,52.0,6.0,2.3,0.0,30.15,30.08,0.0
25/08/2017,73.7,68.4,64.0,66.9,61.8,56.9,88.0,80.0,60.0,8.0,2.7,0.0,30.1,30.01,0.65
26/08/2017,83.5,74.8,68.2,68.4,65.0,61.1,89.0,74.0,48.0,7.0,1.2,0.0,30.06,30.0,0.0
27/08/2017,84.6,74.8,65.4,66.5,62.8,59.8,88.0,67.0,48.0,8.0,2.3,0.0,30.12,30.04,0.23
28/08/2017,86.9,78.3,69.4,66.0,64.2,62.7,80.0,63.0,47.0,5.0,2.0,0.0,30.12,30.03,0.0
29/08/2017,91.9,82.0,71.6,66.0,63.8,61.7,74.0,56.0,39.0,5.0,1.8,0.0,30.04,29.83,0.0
30/08/2017,83.5,70.6,56.1,67.3,62.2,52.9,89.0,76.0,48.0,12.0,4.9,1.0,30.0,29.8,0.06
31/08/2017,70.7,62.2,55.3,53.8,51.6,49.3,89.0,70.0,49.0,10.0,4.3,0.0,30.21,30.0,0.03
1/09/2017,71.7,63.5,56.8,53.4,51.6,49.4,86.0,66.0,46.0,7.0,2.1,0.0,30.22,30.14,0.3
2/09/2017,69.1,62.4,56.6,54.9,51.6,47.7,86.0,70.0,48.0,10.0,4.2,0.0,30.23,30.17,0.01
3/09/2017,71.1,64.3,56.8,54.4,51.5,50.1,80.0,64.0,48.0,6.0,2.7,0.0,30.18,29.94,0.0
4/09/2017,76.2,68.9,62.3,62.6,57.4,52.2,77.0,67.0,59.0,6.0,2.8,0.0,30.1,29.94,0.0
5/09/2017,72.4,69.9,66.3,63.0,61.3,59.2,88.0,74.0,67.0,7.0,3.7,1.0,30.13,30.08,0.0
6/09/2017,69.7,64.5,58.8,60.7,53.8,50.3,85.0,69.0,51.0,9.0,5.8,2.0,30.24,30.12,0.0
7/09/2017,69.5,63.0,57.6,55.0,52.7,50.2,82.0,70.0,51.0,6.0,3.3,1.0,30.22,30.01,0.0
8/09/2017,67.7,63.1,60.2,59.6,56.3,51.8,92.0,79.0,64.0,9.0,5.1,1.0,30.01,29.59,0.53
9/09/2017,65.1,60.1,57.8,57.1,52.5,48.6,90.0,77.0,63.0,9.0,4.5,1.0,29.69,29.53,0.12
10/09/2017,67.4,60.0,54.2,55.4,51.9,49.2,86.0,75.0,61.0,10.0,4.2,1.0,29.8,29.6,0.0
11/09/2017,66.0,60.2,55.8,55.8,51.0,48.2,90.0,72.0,55.0,9.0,5.8,2.0,29.74,29.58,0.06
12/09/2017,66.6,59.9,55.1,53.9,50.9,48.8,83.0,73.0,56.0,8.0,4.2,1.0,29.96,29.74,0.02
13/09/2017,65.7,60.3,54.9,59.7,55.2,50.3,93.0,84.0,67.0,11.0,5.9,1.0,29.89,29.73,1.2
14/09/2017,62.5,57.1,54.0,54.1,49.8,46.1,92.0,77.0,59.0,11.0,5.0,2.0,30.06,29.75,0.17
15/09/2017,63.3,56.8,51.2,49.9,47.2,43.3,86.0,71.0,48.0,11.0,3.3,1.0,30.06,29.94,0.0
16/09/2017,63.5,56.0,51.1,49.5,46.7,43.8,82.0,72.0,51.0,5.0,2.1,0.0,29.96,29.9,0.05
17/09/2017,62.4,55.6,52.2,50.6,48.8,45.5,89.0,79.0,58.0,6.0,2.0,0.0,30.05,29.92,0.08
18/09/2017,63.5,56.0,51.7,52.0,49.6,47.6,88.0,79.0,61.0,6.0,2.2,0.0,30.16,30.04,0.02
19/09/2017,63.6,56.6,51.9,50.4,49.1,45.2,89.0,77.0,53.0,8.0,3.5,0.0,30.28,30.14,0.08
20/09/2017,66.0,58.7,51.4,51.3,48.9,46.2,83.0,71.0,54.0,4.0,1.6,0.0,30.28,30.18,0.0
21/09/2017,70.6,61.5,53.0,51.8,49.3,47.3,82.0,66.0,45.0,6.0,2.2,0.0,30.18,30.08,0.0
22/09/2017,68.6,62.1,57.6,56.0,51.8,44.8,88.0,71.0,46.0,6.0,3.2,0.0,30.28,30.13,0.0
23/09/2017,70.9,62.0,54.5,53.0,50.7,48.8,82.0,68.0,49.0,6.0,1.6,0.0,30.3,30.18,0.0
24/09/2017,74.0,65.3,57.8,54.7,52.0,49.3,80.0,64.0,42.0,5.0,1.6,0.0,30.2,30.14,0.0
25/09/2017,72.0,66.0,61.2,58.7,54.4,51.4,79.0,67.0,59.0,5.0,2.0,0.0,30.15,30.08,0.0
26/09/2017,71.7,65.2,60.6,59.0,57.2,55.7,90.0,76.0,58.0,5.0,1.8,0.0,30.23,30.14,0.24
27/09/2017,69.6,63.1,57.0,59.3,56.9,54.1,91.0,81.0,67.0,5.0,1.6,0.0,30.23,30.16,0.0
28/09/2017,68.8,65.1,61.9,61.0,58.9,57.0,85.0,80.0,73.0,5.0,2.4,0.0,30.25,30.15,0.01
29/09/2017,77.9,68.3,62.7,63.3,60.7,58.5,89.0,77.0,58.0,8.0,2.8,0.0,30.23,30.11,0.35
30/09/2017,66.3,61.8,57.9,61.7,52.3,45.7,89.0,73.0,49.0,9.0,4.3,1.0,30.18,30.1,0.06
1/10/2017,60.8,58.9,56.9,57.7,54.6,51.1,92.0,86.0,73.0,8.0,5.3,3.0,30.16,30.09,0.06
2/10/2017,68.9,64.1,58.8,60.4,58.8,54.9,93.0,83.0,73.0,8.0,3.8,0.0,30.13,30.07,0.03
3/10/2017,64.2,59.1,54.8,55.7,50.0,44.5,92.0,73.0,51.0,8.0,4.3,1.0,30.38,30.09,0.3
4/10/2017,65.5,59.1,54.6,50.1,48.4,47.2,78.0,68.0,56.0,5.0,2.3,0.0,30.39,30.26,0.0
5/10/2017,63.0,57.5,53.9,58.1,51.4,47.0,90.0,80.0,71.0,8.0,3.8,1.0,30.27,30.11,0.04
6/10/2017,61.0,54.8,50.5,48.4,45.2,39.6,83.0,71.0,48.0,12.0,4.4,0.0,30.42,30.24,0.01
7/10/2017,62.2,55.6,50.1,52.3,44.9,42.0,87.0,68.0,48.0,7.0,3.0,0.0,30.42,30.12,0.0
8/10/2017,63.3,59.3,56.3,54.6,53.2,51.0,89.0,80.0,65.0,7.0,3.5,1.0,30.23,30.1,0.0
9/10/2017,65.2,59.8,55.2,55.1,51.3,48.2,84.0,74.0,55.0,6.0,1.8,0.0,30.24,30.16,0.0
10/10/2017,64.2,61.2,58.5,56.1,54.5,52.1,89.0,79.0,67.0,5.0,2.6,0.0,30.18,30.12,0.01
11/10/2017,67.7,62.3,59.2,55.9,53.8,52.5,82.0,74.0,62.0,8.0,3.0,0.0,30.18,30.07,0.0
12/10/2017,70.0,64.7,60.3,58.6,56.5,55.2,85.0,75.0,64.0,6.0,3.2,0.0,30.32,30.12,0.0
13/10/2017,73.5,66.0,59.5,60.0,58.0,56.3,90.0,76.0,59.0,5.0,1.6,0.0,30.38,30.32,0.0
14/10/2017,75.1,66.7,59.6,59.6,57.4,55.4,86.0,73.0,56.0,4.0,1.0,0.0,30.39,30.3,0.0
15/10/2017,76.4,65.9,56.9,60.5,57.1,52.8,89.0,74.0,56.0,8.0,2.9,0.0,30.3,30.19,0.0
16/10/2017,77.8,68.7,61.0,61.8,58.8,55.5,83.0,71.0,56.0,6.0,2.9,0.0,30.24,30.15,0.0
17/10/2017,75.3,67.6,61.1,62.2,58.5,54.0,80.0,73.0,61.0,4.0,1.8,0.0,30.24,30.01,0.0
18/10/2017,70.8,64.8,58.8,60.3,55.9,52.9,85.0,73.0,61.0,5.0,2.4,0.0,30.01,29.9,0.0
19/10/2017,71.3,64.7,59.5,59.4,55.4,52.8,80.0,72.0,61.0,10.0,4.5,0.0,29.91,29.79,0.0
20/10/2017,63.6,59.4,54.7,55.5,49.9,44.6,89.0,72.0,51.0,8.0,5.2,2.0,30.02,29.79,0.27
21/10/2017,65.2,59.0,54.2,57.0,50.6,45.4,89.0,74.0,53.0,10.0,5.5,3.0,30.04,29.9,0.03
22/10/2017,57.3,53.1,51.0,48.6,44.8,41.9,88.0,74.0,58.0,9.0,5.7,1.0,30.23,30.04,0.17
23/10/2017,59.5,55.4,52.0,55.4,50.7,47.6,92.0,84.0,73.0,5.0,3.2,1.0,30.27,30.22,0.17
24/10/2017,67.2,61.6,57.8,61.0,57.8,55.2,95.0,88.0,77.0,5.0,2.2,0.0,30.3,30.25,0.07
25/10/2017,69.4,62.8,59.6,58.7,57.0,55.9,90.0,82.0,64.0,5.0,2.1,0.0,30.32,30.24,0.0
26/10/2017,63.9,58.9,54.9,58.2,55.4,52.6,94.0,88.0,80.0,5.0,1.1,0.0,30.35,30.31,0.0
27/10/2017,61.1,57.6,53.9,55.1,50.6,43.8,93.0,79.0,54.0,9.0,4.9,1.0,30.59,30.35,0.0
28/10/2017,59.1,53.6,48.4,49.0,46.3,44.1,87.0,77.0,65.0,7.0,3.7,1.0,30.58,30.27,0.0
29/10/2017,60.2,55.3,50.1,56.0,49.8,42.4,92.0,82.0,69.0,11.0,6.2,4.0,30.34,30.16,0.08
30/10/2017,54.4,50.3,46.4,43.8,41.8,40.3,83.0,73.0,60.0,8.0,5.0,2.0,30.48,30.34,0.0
31/10/2017,57.1,50.8,45.4,43.6,41.8,39.7,85.0,72.0,56.0,5.0,1.7,0.0,30.47,30.33,0.0
1/11/2017,58.5,52.0,45.6,46.4,41.8,39.1,78.0,69.0,54.0,4.0,2.5,0.0,30.33,30.03,0.0
2/11/2017,58.7,54.7,49.9,49.9,47.1,44.0,81.0,76.0,69.0,4.0,1.7,0.0,30.04,29.97,0.0
3/11/2017,62.6,57.1,53.4,52.3,50.1,46.9,91.0,78.0,67.0,5.0,2.3,0.0,30.04,29.85,0.0
4/11/2017,61.2,56.3,52.1,55.3,50.9,46.6,88.0,82.0,74.0,10.0,4.3,1.0,29.85,29.72,0.11
5/11/2017,51.8,48.5,45.5,47.5,41.7,38.7,87.0,77.0,62.0,11.0,5.1,2.0,30.14,29.81,0.03
6/11/2017,52.1,47.4,43.2,40.8,38.0,33.6,85.0,71.0,50.0,9.0,4.6,1.0,30.3,30.14,0.0
7/11/2017,51.8,46.2,41.6,38.1,35.2,32.7,78.0,66.0,53.0,4.0,1.9,0.0,30.29,30.05,0.0
8/11/2017,49.9,45.9,40.9,41.0,36.6,33.2,76.0,70.0,63.0,6.0,2.5,0.0,30.21,30.02,0.0
9/11/2017,53.7,49.5,46.4,45.4,41.2,35.3,84.0,73.0,61.0,5.0,2.6,0.0,30.3,30.2,0.01
10/11/2017,57.3,52.6,48.5,51.6,47.3,43.2,91.0,83.0,68.0,9.0,4.2,1.0,30.29,30.11,0.03
11/11/2017,57.0,53.7,48.9,54.3,49.8,42.9,92.0,87.0,76.0,7.0,4.8,2.0,30.18,29.84,0.26
12/11/2017,55.3,50.1,45.9,53.1,44.7,35.7,93.0,82.0,67.0,15.0,7.4,0.0,30.0,29.6,0.53
13/11/2017,49.7,46.3,43.8,39.9,38.7,37.4,83.0,75.0,64.0,14.0,7.9,3.0,30.3,30.0,0.0
14/11/2017,53.8,47.5,42.2,41.8,39.5,37.8,85.0,74.0,58.0,4.0,2.0,0.0,30.35,30.29,0.0
15/11/2017,52.5,47.8,43.8,46.4,42.5,39.5,88.0,82.0,75.0,6.0,2.1,0.0,30.33,30.26,0.0
16/11/2017,54.3,50.6,47.5,44.6,43.0,38.7,86.0,75.0,62.0,5.0,1.3,0.0,30.29,30.22,0.0
17/11/2017,52.4,51.0,48.0,47.9,44.9,39.3,89.0,80.0,70.0,6.0,2.7,0.0,30.35,30.28,0.01
18/11/2017,50.4,47.7,45.0,43.7,40.8,38.0,86.0,77.0,71.0,6.0,2.5,0.0,30.35,30.14,0.0
19/11/2017,50.0,48.2,46.9,47.2,40.7,36.0,91.0,76.0,62.0,8.0,4.1,0.0,30.28,30.11,0.02
20/11/2017,52.0,48.7,44.0,46.5,43.0,37.6,87.0,81.0,71.0,8.0,3.5,1.0,30.27,30.08,0.0
21/11/2017,52.9,50.6,48.8,47.8,45.7,43.8,86.0,83.0,79.0,5.0,3.3,1.0,30.14,29.94,0.0
22/11/2017,59.7,53.0,47.0,47.2,44.1,40.8,87.0,73.0,54.0,8.0,5.3,3.0,30.0,29.59,0.0
23/11/2017,62.7,58.1,54.6,53.3,47.2,41.0,74.0,67.0,60.0,11.0,8.0,6.0,29.77,29.52,0.0
24/11/2017,53.8,52.1,50.5,48.7,46.2,44.6,89.0,80.0,74.0,7.0,2.9,0.0,29.9,29.84,0.06
25/11/2017,50.6,45.2,40.4,45.0,38.9,34.7,86.0,79.0,68.0,13.0,5.4,3.0,30.23,29.84,0.06
26/11/2017,47.0,43.2,39.9,38.1,36.4,34.8,83.0,77.0,68.0,7.0,4.5,2.0,30.36,30.22,0.0
27/11/2017,48.4,46.5,44.0,44.9,41.6,38.0,89.0,83.0,78.0,9.0,5.1,2.0,30.36,29.89,0.4
28/11/2017,50.5,46.6,42.1,45.4,41.6,36.7,92.0,83.0,65.0,8.0,4.0,1.0,29.89,29.73,0.28
29/11/2017,43.3,40.8,38.7,38.2,36.1,34.0,88.0,83.0,81.0,8.0,3.9,1.0,29.82,29.74,0.02
30/11/2017,42.3,39.4,34.6,37.1,34.6,30.8,90.0,83.0,64.0,12.0,5.3,2.0,29.85,29.79,0.16
1/12/2017,40.3,37.9,36.5,34.8,33.5,32.1,89.0,84.0,75.0,11.0,6.2,3.0,30.19,29.81,0.01
2/12/2017,37.9,34.3,32.2,32.9,30.5,28.9,89.0,86.0,81.0,7.0,4.2,1.0,30.38,30.19,0.0
3/12/2017,42.6,35.6,30.7,40.2,32.7,27.5,91.0,89.0,86.0,5.0,2.8,0.0,30.41,30.33,0.06
4/12/2017,49.8,46.5,42.4,45.2,42.0,39.3,92.0,85.0,70.0,7.0,2.1,0.0,30.61,30.41,0.0
5/12/2017,50.2,46.9,43.2,44.5,42.3,39.6,88.0,84.0,77.0,4.0,1.5,0.0,30.65,30.6,0.0
6/12/2017,50.0,45.5,39.0,43.6,39.9,34.7,88.0,81.0,63.0,8.0,3.3,0.0,30.6,30.34,0.0
7/12/2017,50.0,42.1,37.3,47.5,38.2,32.9,91.0,86.0,83.0,10.0,6.4,3.0,30.34,29.89,0.02
8/12/2017,47.1,41.0,36.3,42.4,35.9,32.1,86.0,82.0,77.0,12.0,5.8,3.0,30.11,29.95,0.16
9/12/2017,42.9,38.1,35.4,35.7,33.0,31.3,88.0,82.0,69.0,9.0,4.0,2.0,30.13,29.81,0.02
10/12/2017,51.5,44.0,35.4,46.2,39.1,32.8,93.0,83.0,65.0,11.0,6.2,1.0,29.81,29.01,0.77
11/12/2017,51.1,45.8,38.7,47.9,41.1,33.1,98.0,84.0,67.0,16.0,7.8,1.0,29.43,28.6,0.73
12/12/2017,45.5,41.2,38.1,37.3,35.2,32.8,88.0,80.0,69.0,7.0,3.5,1.0,29.98,29.44,0.04
13/12/2017,50.3,45.3,39.4,47.8,41.6,35.4,91.0,87.0,78.0,10.0,6.0,3.0,29.97,29.42,0.41
14/12/2017,48.3,44.4,41.1,43.1,38.3,35.3,86.0,79.0,68.0,13.0,6.1,2.0,29.63,29.33,0.23
15/12/2017,45.2,42.6,41.1,40.0,37.9,36.1,87.0,84.0,80.0,12.0,6.2,3.0,29.75,29.33,0.13
16/12/2017,44.6,42.7,41.0,38.7,36.0,32.9,86.0,78.0,66.0,10.0,6.2,2.0,30.17,29.69,0.01
17/12/2017,45.0,41.7,39.5,40.5,37.1,34.8,91.0,84.0,70.0,6.0,3.4,1.0,30.32,30.17,0.1
18/12/2017,49.5,46.2,42.6,47.4,41.4,38.4,93.0,83.0,72.0,12.0,6.1,2.0,30.49,30.11,0.1
19/12/2017,43.2,40.9,38.2,39.9,38.0,36.1,94.0,90.0,86.0,5.0,2.4,1.0,30.63,30.49,0.0
20/12/2017,49.9,46.8,42.4,48.0,43.4,38.7,93.0,88.0,81.0,7.0,2.8,0.0,30.61,30.55,0.0
21/12/2017,53.0,50.9,49.2,51.0,48.8,47.1,93.0,93.0,89.0,7.0,2.8,1.0,30.64,30.59,0.03
22/12/2017,52.8,51.2,49.1,50.2,48.2,45.6,92.0,89.0,84.0,7.0,3.2,0.0,30.65,30.57,0.03
23/12/2017,53.2,50.8,49.5,49.5,47.1,45.3,90.0,87.0,84.0,6.0,2.7,0.0,30.65,30.54,0.01
24/12/2017,49.9,49.5,48.7,46.4,45.6,44.5,88.0,86.0,84.0,6.0,3.1,1.0,30.54,30.27,0.0
25/12/2017,48.9,44.0,40.9,44.6,40.3,37.6,90.0,87.0,82.0,10.0,5.7,2.0,30.27,29.73,0.01
26/12/2017,47.6,45.1,41.6,42.0,40.1,37.8,88.0,83.0,77.0,12.0,6.8,4.0,29.74,29.2,0.23
27/12/2017,45.8,42.9,39.6,41.9,38.1,31.1,89.0,83.0,67.0,16.0,8.4,2.0,29.49,28.98,0.22
28/12/2017,44.3,40.2,37.0,35.4,33.7,31.2,85.0,78.0,69.0,7.0,3.6,1.0,29.84,29.49,0.0
29/12/2017,48.9,41.4,35.2,43.6,36.6,32.0,92.0,83.0,69.0,12.0,5.6,1.0,29.84,29.51,0.37
30/12/2017,59.8,55.7,48.2,55.3,51.5,42.7,92.0,86.0,79.0,8.0,5.2,2.0,29.81,29.52,0.19
31/12/2017,59.5,55.8,50.6,51.9,48.5,40.2,87.0,77.0,66.0,11.0,7.8,5.0,29.83,29.56,0.03
1/01/2018,50.5,47.7,45.3,46.5,41.7,38.8,91.0,80.0,68.0,16.0,7.6,2.0,29.86,29.35,0.65
2/01/2018,55.2,48.5,45.1,51.2,43.8,39.7,92.0,84.0,78.0,10.0,5.1,1.0,30.03,29.68,0.03
3/01/2018,57.8,51.4,46.3,54.3,44.0,38.6,90.0,76.0,64.0,17.0,8.7,1.0,29.81,29.44,0.46
4/01/2018,59.2,53.7,48.2,54.6,49.6,44.3,94.0,86.0,75.0,11.0,5.3,1.0,29.76,29.5,0.38
5/01/2018,52.9,50.3,46.7,47.9,45.4,41.7,89.0,83.0,79.0,7.0,3.9,0.0,29.6,29.5,0.13
6/01/2018,50.0,47.5,45.5,44.0,43.1,42.2,89.0,85.0,79.0,7.0,3.1,0.0,29.89,29.6,0.01
7/01/2018,45.8,44.9,43.9,43.0,40.8,39.2,90.0,85.0,82.0,11.0,7.5,5.0,30.09,29.88,0.14
8/01/2018,48.3,45.7,43.7,41.9,40.6,39.1,85.0,82.0,77.0,7.0,5.3,2.0,30.07,29.89,0.0
9/01/2018,48.0,44.6,43.0,44.8,41.0,39.2,90.0,87.0,83.0,7.0,3.5,1.0,29.91,29.75,0.0
10/01/2018,50.4,49.3,47.5,45.3,44.6,43.9,89.0,84.0,79.0,4.0,2.5,0.0,29.85,29.75,0.06
11/01/2018,48.1,46.3,42.9,44.4,42.9,39.9,91.0,88.0,85.0,7.0,3.1,0.0,30.27,29.79,0.0
12/01/2018,47.1,44.2,42.5,41.6,40.4,39.8,91.0,87.0,79.0,7.0,3.8,0.0,30.38,30.27,0.0
13/01/2018,45.6,43.3,41.5,40.7,38.1,35.0,89.0,82.0,75.0,6.0,3.5,0.0,30.31,30.07,0.0
14/01/2018,50.0,43.0,39.4,39.8,37.0,34.5,90.0,80.0,67.0,5.0,2.0,0.0,30.16,30.05,0.0
15/01/2018,51.9,46.0,41.9,47.6,42.1,39.2,90.0,86.0,77.0,14.0,6.2,2.0,30.16,29.59,0.5
16/01/2018,51.7,47.9,40.8,45.5,41.7,36.0,89.0,80.0,63.0,13.0,6.8,3.0,29.68,29.59,0.28
17/01/2018,48.6,43.8,39.8,38.8,35.7,32.3,84.0,74.0,54.0,11.0,7.2,4.0,30.04,29.63,0.09
18/01/2018,53.3,49.6,44.7,50.1,44.6,38.4,89.0,83.0,75.0,11.0,6.7,3.0,29.98,29.72,0.36
19/01/2018,46.6,43.7,39.8,40.0,37.9,35.0,87.0,80.0,71.0,11.0,4.3,1.0,30.02,29.86,0.09
20/01/2018,54.1,46.8,41.3,50.1,42.9,36.3,93.0,86.0,79.0,12.0,5.8,2.0,30.01,29.51,0.28
21/01/2018,53.4,46.9,44.3,51.0,42.4,37.4,94.0,85.0,73.0,11.0,4.8,0.0,30.12,29.78,0.06
22/01/2018,57.3,53.2,50.4,53.8,48.9,41.0,93.0,86.0,70.0,10.0,5.3,2.0,30.27,29.83,0.5
23/01/2018,55.6,50.9,46.5,51.4,45.6,41.1,92.0,82.0,70.0,8.0,4.2,2.0,30.32,30.25,0.01
24/01/2018,57.3,55.2,53.2,51.7,49.7,46.2,91.0,82.0,67.0,10.0,6.8,4.0,30.25,29.97,0.02
25/01/2018,53.9,50.0,48.2,49.5,46.4,43.6,92.0,87.0,84.0,8.0,3.6,1.0,30.01,29.93,0.22
26/01/2018,50.9,47.7,44.1,44.0,42.2,40.5,88.0,81.0,71.0,5.0,2.5,0.0,30.38,29.99,0.0
27/01/2018,47.1,43.3,41.3,42.8,39.7,37.8,92.0,87.0,83.0,6.0,3.6,0.0,30.59,30.39,0.0
28/01/2018,53.7,49.0,42.1,49.7,45.5,38.2,91.0,88.0,84.0,6.0,3.1,1.0,30.68,30.58,0.02
29/01/2018,53.0,52.2,50.7,48.4,46.7,45.2,88.0,82.0,76.0,8.0,3.7,1.0,30.65,30.49,0.0
30/01/2018,53.6,51.4,49.5,49.1,47.4,45.9,90.0,86.0,82.0,6.0,3.1,0.0,30.53,30.27,0.0
31/01/2018,51.0,48.6,42.2,47.8,44.1,36.2,90.0,84.0,73.0,9.0,5.8,3.0,30.27,29.75,0.39
1/02/2018,47.2,42.5,39.3,38.5,35.4,33.4,88.0,76.0,60.0,9.0,5.0,2.0,29.82,29.68,0.04
2/02/2018,45.1,42.3,39.8,38.5,36.3,34.3,83.0,79.0,72.0,10.0,5.4,2.0,29.92,29.82,0.02
3/02/2018,43.4,41.7,40.1,39.6,37.2,35.4,92.0,84.0,76.0,6.0,3.2,0.0,29.93,29.74,0.09
4/02/2018,42.0,38.2,34.4,38.8,32.2,26.0,90.0,79.0,61.0,13.0,7.1,1.0,30.27,29.81,0.16
5/02/2018,36.5,33.7,31.4,32.4,28.9,25.9,91.0,82.0,71.0,10.0,6.4,4.0,30.27,30.05,0.04
6/02/2018,35.2,32.9,31.1,32.6,30.7,29.0,94.0,92.0,90.0,10.0,6.8,4.0,30.05,29.89,0.06
7/02/2018,33.4,31.4,29.7,29.9,28.0,23.3,95.0,88.0,67.0,9.0,6.6,3.0,30.2,29.93,0.01
8/02/2018,40.6,34.5,30.7,30.9,26.5,23.1,78.0,73.0,66.0,5.0,2.5,0.0,30.25,30.15,0.0
9/02/2018,38.1,32.6,27.7,35.4,28.5,22.5,92.0,85.0,70.0,8.0,4.5,1.0,30.15,29.95,0.04
10/02/2018,43.8,39.0,35.7,36.0,32.1,30.1,92.0,76.0,61.0,8.0,4.2,1.0,30.2,29.9,0.06
11/02/2018,48.0,42.3,36.6,40.9,37.2,32.5,92.0,83.0,62.0,12.0,5.4,1.0,29.98,29.74,0.13
12/02/2018,46.2,39.5,35.8,34.5,31.8,29.8,83.0,74.0,55.0,7.0,3.8,1.0,30.16,29.98,0.02
13/02/2018,40.6,36.5,32.8,33.3,29.9,27.0,90.0,77.0,59.0,11.0,6.4,3.0,30.1,29.75,0.03
14/02/2018,42.4,38.3,33.8,37.9,34.7,31.7,92.0,87.0,78.0,9.0,5.5,1.0,29.99,29.85,0.08
15/02/2018,53.4,48.3,41.2,50.8,45.1,38.1,93.0,89.0,71.0,10.0,3.2,1.0,30.23,29.82,0.32
16/02/2018,51.5,46.9,42.3,39.5,36.9,33.1,83.0,69.0,51.0,7.0,2.6,0.0,30.41,30.23,0.0
17/02/2018,49.7,45.4,41.8,38.4,36.2,34.7,77.0,70.0,63.0,6.0,3.0,0.0,30.33,30.11,0.0
18/02/2018,49.4,42.6,37.0,39.0,36.3,33.5,89.0,79.0,64.0,6.0,3.1,0.0,30.33,30.23,0.0
19/02/2018,44.0,40.1,36.0,42.0,36.3,31.4,93.0,86.0,81.0,5.0,3.4,1.0,30.23,30.01,0.13
20/02/2018,45.3,42.1,39.7,41.8,37.4,33.2,93.0,84.0,68.0,8.0,3.8,0.0,30.18,30.01,0.01
21/02/2018,41.9,38.1,34.1,34.8,30.9,28.5,83.0,75.0,66.0,11.0,7.0,3.0,30.27,30.18,0.0
22/02/2018,42.5,36.3,31.6,28.6,26.4,23.1,82.0,68.0,46.0,10.0,7.3,4.0,30.2,30.08,0.0
23/02/2018,40.7,35.4,30.8,25.2,23.0,21.3,71.0,61.0,49.0,10.0,6.6,3.0,30.11,30.02,0.0
24/02/2018,44.8,37.2,31.6,25.1,20.9,15.4,64.0,53.0,32.0,9.0,6.1,4.0,30.14,30.03,0.0
25/02/2018,38.8,34.1,30.0,23.1,16.2,10.0,60.0,49.0,31.0,11.0,7.1,4.0,30.29,30.14,0.0
26/02/2018,32.7,29.3,26.4,15.8,12.8,9.1,61.0,50.0,37.0,13.0,8.8,5.0,30.34,30.26,0.0
27/02/2018,29.8,26.5,23.2,20.2,14.8,8.5,79.0,62.0,41.0,10.0,6.2,3.0,30.27,30.08,0.0
28/02/2018,31.4,27.1,21.3,17.5,9.7,7.1,62.0,48.0,38.0,9.0,5.7,2.0,30.08,29.67,0.0
1/03/2018,37.8,31.8,25.5,28.4,23.7,17.0,85.0,72.0,60.0,8.0,5.5,3.0,29.65,29.27,0.01
2/03/2018,50.6,41.2,35.6,41.6,32.2,23.5,90.0,71.0,61.0,7.0,3.8,1.0,29.41,29.18,0.05
3/03/2018,53.9,45.2,39.5,44.0,36.8,30.6,79.0,72.0,66.0,6.0,3.1,1.0,29.45,29.29,0.0
4/03/2018,48.4,44.9,42.8,44.3,40.7,37.7,91.0,85.0,80.0,6.0,3.3,0.0,29.45,29.29,0.25
5/03/2018,56.0,49.6,43.6,42.5,41.0,39.5,92.0,74.0,56.0,6.0,3.4,0.0,29.44,29.26,0.0
6/03/2018,54.3,48.8,45.6,44.0,41.5,39.8,85.0,76.0,63.0,7.0,4.0,1.0,29.34,29.28,0.02
7/03/2018,50.9,45.9,40.6,42.7,40.2,36.7,92.0,81.0,67.0,10.0,4.5,1.0,29.69,29.28,0.34
8/03/2018,51.2,45.8,42.0,43.9,40.4,37.6,88.0,82.0,73.0,11.0,5.2,1.0,29.77,29.63,0.09
9/03/2018,58.5,51.9,45.1,50.4,45.2,40.1,86.0,78.0,68.0,6.0,3.3,0.0,29.78,29.61,0.02
10/03/2018,64.2,58.2,52.6,55.2,51.5,47.0,91.0,79.0,71.0,7.0,4.4,0.0,29.61,29.48,0.17
11/03/2018,65.1,58.0,52.9,52.9,48.5,42.9,91.0,73.0,45.0,9.0,4.6,0.0,29.47,29.29,0.45
12/03/2018,56.2,53.1,49.5,47.2,44.7,42.8,83.0,73.0,64.0,9.0,6.4,4.0,29.6,29.27,0.09
13/03/2018,55.6,50.9,47.7,44.7,42.6,40.8,86.0,73.0,61.0,10.0,5.4,0.0,29.97,29.6,0.03
14/03/2018,58.0,51.5,43.7,44.0,40.1,37.1,85.0,67.0,46.0,10.0,4.9,0.0,29.98,29.41,0.01
15/03/2018,57.4,52.1,49.1,47.7,44.9,39.7,89.0,77.0,60.0,8.0,4.7,2.0,29.44,29.31,0.39
16/03/2018,56.5,51.1,47.1,46.8,43.3,39.6,89.0,75.0,54.0,7.0,3.7,0.0,29.65,29.44,0.02
17/03/2018,49.9,41.9,34.5,42.8,37.5,32.0,92.0,85.0,73.0,10.0,4.7,0.0,29.64,29.53,0.43
18/03/2018,37.1,34.1,32.0,34.4,29.1,26.4,91.0,82.0,70.0,8.0,4.6,1.0,29.81,29.57,0.0
19/03/2018,36.3,33.6,31.1,30.4,28.7,27.3,92.0,82.0,70.0,9.0,4.9,1.0,30.01,29.78,0.08
20/03/2018,47.2,38.8,31.3,35.1,26.9,19.5,82.0,63.0,45.0,14.0,9.2,6.0,30.44,30.02,0.0
21/03/2018,46.2,40.7,35.6,34.1,31.3,27.5,84.0,70.0,49.0,10.0,6.2,2.0,30.52,30.43,0.0
22/03/2018,48.1,43.7,39.1,39.8,35.4,30.9,78.0,72.0,66.0,8.0,4.8,1.0,30.43,30.06,0.0
23/03/2018,45.7,44.2,42.7,40.6,36.8,31.8,87.0,75.0,65.0,8.0,4.9,2.0,30.06,29.55,0.0
24/03/2018,58.3,50.5,44.5,43.2,40.0,37.2,84.0,68.0,51.0,7.0,2.6,0.0,29.65,29.47,0.0
25/03/2018,59.7,53.5,48.3,43.4,39.9,36.5,76.0,61.0,43.0,9.0,3.0,0.0,29.95,29.64,0.0
26/03/2018,56.2,50.9,45.7,43.6,36.8,31.5,76.0,60.0,42.0,8.0,4.7,0.0,30.11,29.95,0.0
27/03/2018,57.1,50.3,43.6,51.1,42.8,35.2,91.0,76.0,51.0,9.0,4.7,0.0,30.1,29.82,0.25
28/03/2018,58.1,49.9,44.8,51.5,43.0,36.6,93.0,77.0,64.0,13.0,5.7,1.0,29.91,29.61,0.35
29/03/2018,54.3,47.2,42.2,42.8,38.1,35.2,83.0,72.0,50.0,10.0,4.9,1.0,29.82,29.65,0.08
30/03/2018,51.7,48.4,44.9,42.6,40.3,35.6,86.0,74.0,58.0,11.0,4.7,1.0,29.67,29.41,0.05
31/03/2018,53.1,48.0,44.2,41.1,39.2,37.3,79.0,72.0,56.0,9.0,3.9,2.0,29.75,29.49,0.0
1/04/2018,53.3,48.8,45.3,40.8,38.3,35.2,80.0,68.0,51.0,8.0,4.4,0.0,30.0,29.79,0.0
2/04/2018,61.9,53.8,47.7,48.6,40.5,36.0,73.0,61.0,47.0,8.0,5.0,1.0,29.94,29.57,0.01
3/04/2018,59.9,55.1,49.7,51.6,47.0,44.1,85.0,75.0,62.0,8.0,4.9,2.0,29.64,29.53,0.13
4/04/2018,58.2,52.9,49.0,48.9,46.1,41.8,91.0,79.0,56.0,10.0,5.5,1.0,29.69,29.55,0.17
5/04/2018,53.0,50.3,46.6,47.2,39.0,34.3,84.0,66.0,50.0,10.0,4.8,1.0,30.17,29.7,0.01
6/04/2018,68.3,55.9,45.0,46.9,41.5,35.5,74.0,60.0,44.0,8.0,4.5,1.0,30.15,29.8,0.0
7/04/2018,70.8,62.4,55.2,55.2,48.9,42.5,74.0,61.0,53.0,8.0,4.1,1.0,29.84,29.77,0.0
8/04/2018,74.0,63.1,55.1,53.2,49.1,40.8,86.0,63.0,31.0,11.0,4.2,0.0,29.81,29.71,0.01
9/04/2018,61.8,57.8,53.9,52.4,50.6,48.1,92.0,78.0,62.0,7.0,3.0,0.0,29.8,29.63,0.38
10/04/2018,62.7,56.8,53.0,51.3,47.3,41.3,90.0,72.0,47.0,10.0,4.8,1.0,29.68,29.51,0.0
11/04/2018,68.0,58.5,49.7,45.8,42.5,37.0,77.0,57.0,33.0,6.0,2.8,0.0,29.73,29.63,0.0
12/04/2018,61.0,55.1,51.3,51.5,47.8,43.6,90.0,77.0,53.0,9.0,4.2,1.0,29.62,29.55,0.13
13/04/2018,66.1,57.5,51.3,50.6,49.3,47.9,91.0,76.0,54.0,7.0,2.9,0.0,29.98,29.62,0.01
14/04/2018,62.9,58.3,53.6,52.3,49.6,46.7,82.0,73.0,63.0,7.0,2.4,0.0,30.1,29.97,0.01
15/04/2018,64.0,58.6,52.3,51.0,49.1,45.3,87.0,72.0,51.0,7.0,3.6,0.0,30.04,29.87,0.0
16/04/2018,62.3,57.1,51.1,47.0,44.5,40.7,81.0,64.0,45.0,5.0,2.6,1.0,30.18,29.94,0.0
17/04/2018,72.7,62.2,51.7,47.7,45.4,42.9,73.0,56.0,38.0,7.0,2.9,0.0,30.38,30.18,0.0
18/04/2018,80.5,69.2,58.3,51.1,48.3,47.1,68.0,49.0,32.0,8.0,2.0,0.0,30.43,30.3,0.0
19/04/2018,83.3,72.9,61.9,54.5,50.4,46.3,63.0,47.0,28.0,6.0,2.5,0.0,30.3,30.24,0.0
20/04/2018,84.4,75.4,65.1,57.1,53.1,48.3,70.0,48.0,29.0,7.0,2.4,0.0,30.27,30.19,0.0
21/04/2018,83.0,74.3,64.5,54.7,51.7,46.9,67.0,47.0,29.0,6.0,2.9,0.0,30.22,30.01,0.0
22/04/2018,81.6,72.9,65.3,59.9,54.4,50.2,75.0,54.0,36.0,9.0,3.4,0.0,30.01,29.9,0.07
23/04/2018,70.2,62.6,56.7,56.6,49.1,44.8,72.0,62.0,51.0,8.0,5.1,2.0,30.18,29.98,0.0
24/04/2018,70.4,61.3,53.1,51.0,46.9,43.5,72.0,60.0,45.0,7.0,3.4,1.0,30.19,29.99,0.0
25/04/2018,63.7,59.0,54.7,51.6,47.5,39.4,85.0,67.0,47.0,9.0,5.4,3.0,30.13,29.96,0.01
26/04/2018,61.7,54.8,48.2,42.7,39.5,34.7,81.0,58.0,38.0,9.0,5.0,1.0,30.21,30.09,0.0
27/04/2018,67.3,58.7,51.3,47.5,41.3,38.6,67.0,53.0,42.0,11.0,5.0,0.0,30.09,29.76,0.0
28/04/2018,60.9,56.9,52.9,47.0,44.3,41.1,79.0,63.0,50.0,9.0,5.0,2.0,29.94,29.86,0.0
29/04/2018,55.9,53.2,51.1,50.8,48.0,45.8,93.0,83.0,69.0,10.0,4.8,0.0,29.89,29.51,0.44
30/04/2018,52.5,45.8,42.5,50.5,42.4,37.7,93.0,88.0,83.0,9.0,5.6,2.0,29.94,29.48,0.53
1/05/2018,57.6,50.3,43.3,42.1,38.8,35.8,87.0,66.0,47.0,6.0,3.0,0.0,30.01,29.94,0.01
2/05/2018,62.6,54.0,45.0,48.9,40.8,37.1,82.0,62.0,42.0,10.0,4.7,1.0,29.97,29.88,0.0
3/05/2018,62.0,55.3,47.5,46.6,41.6,36.7,85.0,62.0,40.0,10.0,6.1,2.0,30.2,29.97,0.0
4/05/2018,66.5,57.8,49.1,44.7,41.6,39.6,72.0,56.0,40.0,12.0,6.8,2.0,30.23,30.18,0.0
5/05/2018,75.4,63.9,52.2,55.3,48.6,43.7,73.0,59.0,46.0,10.0,5.9,2.0,30.23,30.14,0.0
6/05/2018,81.9,70.9,58.9,57.5,53.5,49.1,71.0,55.0,40.0,7.0,4.1,1.0,30.19,30.07,0.0
7/05/2018,80.3,73.0,64.1,56.8,49.8,43.8,69.0,46.0,28.0,9.0,3.0,0.0,30.09,29.95,0.0
8/05/2018,81.7,72.4,63.6,56.8,51.2,47.1,68.0,49.0,30.0,11.0,3.2,0.0,29.96,29.78,0.0
9/05/2018,73.1,63.8,56.1,54.6,51.8,47.6,85.0,66.0,47.0,10.0,4.7,0.0,29.88,29.8,0.0
10/05/2018,63.6,58.4,54.3,49.0,42.7,37.3,73.0,57.0,39.0,9.0,1.6,0.0,30.2,29.86,0.0
11/05/2018,71.6,62.2,52.1,47.4,43.4,38.9,72.0,52.0,34.0,7.0,2.6,0.0,30.21,29.98,0.0
12/05/2018,70.1,62.7,52.6,56.6,50.3,46.3,82.0,65.0,48.0,10.0,2.5,0.0,30.0,29.85,0.03
13/05/2018,59.0,54.0,50.6,47.1,45.9,43.7,85.0,75.0,58.0,7.0,2.0,0.0,30.06,29.98,0.03
14/05/2018,58.3,55.1,52.4,54.3,48.8,41.5,91.0,80.0,66.0,5.0,0.5,0.0,30.07,29.99,0.23
15/05/2018,69.1,59.6,54.2,57.2,53.4,50.9,90.0,81.0,63.0,8.0,3.1,0.0,30.09,30.03,0.03
16/05/2018,71.2,60.5,53.8,55.5,51.9,48.5,84.0,74.0,55.0,13.0,6.3,0.0,30.22,30.07,0.0
17/05/2018,66.8,57.3,51.2,49.0,45.0,40.7,82.0,66.0,39.0,12.0,8.3,0.0,30.26,30.2,0.0
18/05/2018,66.0,55.9,46.2,45.0,41.5,36.1,84.0,61.0,36.0,9.0,3.2,0.0,30.28,30.2,0.0
19/05/2018,67.8,57.4,47.5,48.9,44.6,42.0,81.0,64.0,42.0,9.0,2.7,0.0,30.24,30.16,0.0
20/05/2018,73.8,60.7,48.6,53.5,47.7,43.2,88.0,65.0,34.0,7.0,3.2,0.0,30.22,30.04,0.0
21/05/2018,75.9,66.3,57.8,57.8,53.3,51.2,79.0,64.0,45.0,5.0,2.4,0.0,30.06,29.88,0.14
22/05/2018,74.6,65.8,60.1,60.0,55.7,52.4,84.0,71.0,47.0,9.0,2.1,0.0,30.04,29.92,0.58
23/05/2018,69.0,62.7,55.6,58.9,55.7,51.7,87.0,78.0,64.0,9.0,4.3,0.0,30.14,30.04,0.0
24/05/2018,77.4,68.1,60.2,60.1,57.4,53.6,88.0,71.0,46.0,5.0,2.5,0.0,30.13,30.02,0.0
25/05/2018,80.2,68.2,60.5,61.1,58.1,55.4,90.0,71.0,47.0,14.0,3.6,0.0,30.09,30.0,0.56
26/05/2018,83.2,73.4,63.1,64.5,61.5,57.4,92.0,69.0,44.0,7.0,2.9,0.0,30.07,29.98,0.02
27/05/2018,84.2,75.7,68.5,62.9,60.1,56.2,75.0,60.0,41.0,5.0,1.8,0.0,30.06,29.98,0.0
28/05/2018,82.6,73.7,65.1,64.6,61.1,56.7,89.0,66.0,44.0,4.0,1.0,0.0,30.07,29.99,0.25
29/05/2018,76.4,67.5,63.3,62.7,61.3,59.0,91.0,81.0,58.0,6.0,0.6,0.0,30.03,29.91,0.23
30/05/2018,81.0,70.1,62.1,63.0,60.5,57.8,92.0,74.0,47.0,6.0,1.6,0.0,30.0,29.92,0.09
31/05/2018,78.8,71.5,66.3,62.8,61.3,57.5,83.0,71.0,53.0,7.0,2.6,0.0,30.06,29.94,0.0
1/06/2018,71.1,66.6,63.1,61.7,59.9,58.4,86.0,79.0,66.0,9.0,2.7,0.0,30.19,30.07,0.04
2/06/2018,77.8,69.2,63.0,60.5,57.3,55.1,84.0,67.0,47.0,5.0,2.2,0.0,30.19,30.09,0.0
3/06/2018,80.1,71.9,63.2,60.5,58.2,53.8,84.0,64.0,41.0,8.0,2.9,0.0,30.15,29.98,0.0
4/06/2018,79.0,72.1,65.2,65.8,61.4,57.7,82.0,70.0,56.0,8.0,4.3,0.0,29.98,29.85,0.0
5/06/2018,72.0,66.3,61.6,64.2,61.3,58.8,93.0,84.0,73.0,10.0,5.9,3.0,29.95,29.87,0.37
6/06/2018,73.9,65.7,59.0,66.3,60.7,56.4,92.0,84.0,71.0,9.0,3.5,0.0,29.97,29.88,0.48
7/06/2018,77.8,70.9,64.4,64.6,61.0,58.2,92.0,72.0,53.0,6.0,2.2,0.0,30.05,29.96,0.0
8/06/2018,77.7,71.7,66.7,64.8,62.1,59.7,81.0,72.0,57.0,8.0,3.7,0.0,30.03,29.95,0.0
9/06/2018,75.7,68.9,61.2,65.3,62.4,57.9,90.0,80.0,68.0,8.0,4.1,1.0,30.0,29.93,0.01
10/06/2018,76.7,69.4,62.2,66.4,63.3,59.5,91.0,81.0,69.0,9.0,3.7,0.0,29.97,29.88,0.02
11/06/2018,71.0,67.8,64.4,66.4,64.0,61.5,92.0,88.0,81.0,6.0,2.5,0.0,29.93,29.81,1.74
12/06/2018,68.0,63.5,60.1,62.5,58.3,54.4,94.0,84.0,65.0,12.0,4.4,0.0,30.06,29.81,0.8
13/06/2018,65.0,59.6,0.0,54.6,50.8,48.8,86.0,72.0,0.0,10.0,4.4,0.0,30.15,30.06,0.0
14/06/2018,70.3,64.1,56.9,58.5,54.1,49.7,81.0,70.0,60.0,6.0,2.7,0.0,30.13,30.04,0.0
15/06/2018,75.1,67.3,60.0,58.6,55.4,52.7,86.0,67.0,48.0,11.0,3.0,0.0,30.11,30.05,0.0
16/06/2018,73.9,66.0,59.3,54.0,51.0,47.3,70.0,59.0,45.0,7.0,3.9,1.0,30.1,30.05,0.0
17/06/2018,70.2,64.9,59.1,54.1,51.0,47.8,74.0,61.0,51.0,8.0,3.8,1.0,30.21,30.09,0.0
18/06/2018,75.7,68.4,62.8,61.0,58.0,53.8,89.0,70.0,56.0,7.0,3.5,0.0,30.3,30.2,0.01
19/06/2018,77.7,69.2,63.6,62.6,60.0,57.6,86.0,73.0,58.0,8.0,3.7,0.0,30.36,30.28,0.0
20/06/2018,84.4,75.0,65.8,63.1,61.0,57.0,83.0,64.0,40.0,6.0,2.7,0.0,30.29,30.13,0.0
21/06/2018,75.9,66.1,58.3,63.5,52.9,41.7,86.0,64.0,43.0,13.0,7.3,1.0,30.41,30.15,0.0
22/06/2018,70.5,62.2,54.3,46.9,43.0,39.4,58.0,50.0,41.0,10.0,6.0,2.0,30.46,30.39,0.0
23/06/2018,72.0,63.3,53.4,49.5,45.8,41.5,72.0,54.0,41.0,9.0,5.4,2.0,30.44,30.31,0.0
24/06/2018,73.1,66.9,59.7,51.6,48.1,44.0,65.0,51.0,36.0,10.0,5.4,1.0,30.33,30.23,0.0
25/06/2018,76.8,67.8,58.9,57.4,53.8,49.7,77.0,62.0,50.0,10.0,6.3,3.0,30.31,30.26,0.0
26/06/2018,81.0,72.3,62.7,55.9,52.4,45.0,68.0,51.0,29.0,9.0,4.8,2.0,30.3,30.22,0.0
27/06/2018,84.2,73.9,62.3,59.8,56.3,51.9,73.0,55.0,40.0,9.0,5.0,1.0,30.24,30.13,0.0
28/06/2018,83.5,74.7,64.6,59.0,54.6,49.2,77.0,52.0,31.0,10.0,5.9,2.0,30.18,30.06,0.0
29/06/2018,84.5,76.4,66.8,60.3,57.1,54.5,68.0,52.0,41.0,10.0,6.0,2.0,30.1,29.97,0.0
30/06/2018,90.7,78.9,66.3,64.3,60.9,57.8,75.0,56.0,39.0,8.0,4.3,2.0,30.0,29.84,0.0
1/07/2018,92.3,83.1,75.5,65.1,61.8,55.9,61.0,50.0,39.0,6.0,2.8,0.0,29.89,29.83,0.0
2/07/2018,87.3,79.5,72.2,66.1,56.0,50.2,60.0,45.0,36.0,10.0,3.6,0.0,29.98,29.86,0.0
3/07/2018,86.7,78.9,70.5,64.8,61.8,57.2,76.0,57.0,37.0,5.0,1.0,0.0,30.04,29.97,0.0
4/07/2018,86.2,77.9,70.4,64.2,61.1,53.6,76.0,58.0,35.0,6.0,0.4,0.0,30.03,29.91,0.0
5/07/2018,80.2,74.4,69.2,65.1,60.9,55.4,75.0,64.0,46.0,6.0,1.7,0.0,30.11,29.95,0.0
6/07/2018,86.2,74.5,65.7,58.9,56.3,51.8,71.0,55.0,33.0,4.0,0.8,0.0,30.23,30.11,0.0
7/07/2018,86.8,79.5,70.5,61.8,58.4,55.2,68.0,50.0,36.0,1.0,0.1,0.0,30.27,30.2,0.0
8/07/2018,86.1,80.0,72.5,61.3,58.8,56.7,64.0,49.0,40.0,3.0,0.3,0.0,30.27,30.2,0.0
9/07/2018,79.6,73.5,65.3,57.8,54.8,51.9,67.0,52.0,43.0,0.0,0.0,0.0,30.3,30.19,0.0
10/07/2018,73.8,67.8,62.7,59.0,52.6,47.7,80.0,59.0,44.0,0.0,0.0,0.0,30.23,30.16,0.0
11/07/2018,72.0,66.1,60.5,56.6,54.5,51.1,79.0,67.0,50.0,0.0,0.0,0.0,30.19,30.11,0.0
12/07/2018,75.0,73.8,72.8,59.0,58.4,57.7,62.0,59.0,55.0,0.0,0.0,0.0,30.15,30.14,0.0
13/07/2018,82.8,73.4,65.6,61.3,59.1,57.4,76.0,62.0,43.0,0.0,0.0,0.0,30.17,30.11,0.0
14/07/2018,85.5,76.5,66.1,59.9,58.5,56.8,75.0,55.0,39.0,0.0,0.0,0.0,30.16,30.04,0.0
15/07/2018,88.6,79.4,71.0,58.8,56.2,52.1,64.0,46.0,31.0,0.0,0.0,0.0,30.07,29.94,0.02
16/07/2018,86.1,77.2,68.3,58.2,55.7,51.5,68.0,49.0,33.0,0.0,0.0,0.0,30.01,29.92,0.0
17/07/2018,79.6,73.5,66.4,58.9,55.4,51.8,71.0,54.0,42.0,0.0,0.0,0.0,30.12,30.01,0.0
18/07/2018,83.8,74.8,66.6,55.0,52.5,49.6,57.0,46.0,36.0,0.0,0.0,0.0,30.13,30.04,0.0
19/07/2018,78.7,72.4,65.7,63.8,60.5,51.5,85.0,68.0,40.0,0.0,0.0,0.0,30.03,29.93,0.02
21/07/2018,78.1,70.4,62.8,61.0,58.0,55.2,85.0,66.0,47.0,0.0,0.0,0.0,30.03,29.94,0.0
22/07/2018,82.1,73.9,66.4,60.0,57.9,54.9,77.0,59.0,41.0,0.0,0.0,0.0,30.09,30.02,0.0
23/07/2018,88.7,79.0,69.2,59.4,58.0,56.1,70.0,50.0,35.0,0.0,0.0,0.0,30.13,30.02,0.0
24/07/2018,90.2,80.7,71.3,63.0,60.0,57.2,64.0,51.0,35.0,0.0,0.0,0.0,30.03,29.93,0.0
25/07/2018,92.2,82.5,72.1,63.7,61.6,59.8,69.0,51.0,35.0,0.0,0.0,0.0,30.05,29.96,0.0
26/07/2018,97.0,87.0,75.8,65.4,62.1,58.4,66.0,46.0,29.0,0.0,0.0,0.0,30.0,29.87,0.0
27/07/2018,97.9,85.1,72.1,67.6,63.2,58.5,81.0,50.0,28.0,0.0,0.0,0.0,29.9,29.76,0.0
28/07/2018,79.0,74.0,69.4,67.5,56.3,45.3,82.0,57.0,31.0,0.0,0.0,0.0,29.98,29.81,0.0
29/07/2018,82.4,74.5,67.7,61.0,55.1,49.6,60.0,51.0,40.0,0.0,0.0,0.0,29.98,29.91,0.0
30/07/2018,83.4,76.2,69.1,65.4,62.7,60.4,76.0,64.0,52.0,0.0,0.0,0.0,30.04,29.98,0.0
31/07/2018,82.8,77.9,0.0,63.0,59.4,56.8,70.0,53.0,0.0,0.0,0.0,0.0,30.14,30.02,0.0
1/08/2018,86.5,76.5,67.3,60.5,57.4,53.4,63.0,53.0,40.0,0.0,0.0,0.0,30.2,30.13,0.0
2/08/2018,90.7,79.1,67.7,61.3,58.7,55.6,66.0,51.0,35.0,0.0,0.0,0.0,30.25,30.17,0.0
3/08/2018,94.2,83.1,71.8,63.1,60.5,58.7,65.0,48.0,32.0,0.0,0.0,0.0,30.22,30.09,0.0
4/08/2018,90.9,82.1,73.2,63.6,58.2,54.7,63.0,45.0,32.0,0.0,0.0,0.0,30.21,30.13,0.0
5/08/2018,87.8,76.2,65.1,62.7,58.7,52.4,79.0,58.0,31.0,0.0,0.0,0.0,30.23,30.09,0.0
6/08/2018,93.2,82.8,72.0,59.0,54.2,48.4,58.0,40.0,22.0,0.0,0.0,0.0,30.1,29.91,0.0
7/08/2018,97.8,86.6,76.9,69.5,58.9,52.8,56.0,40.0,28.0,0.0,0.0,0.0,29.92,29.7,0.0
8/08/2018,81.4,74.2,65.5,63.3,57.7,54.2,78.0,58.0,42.0,8.0,2.6,0.0,30.01,29.8,0.02
9/08/2018,74.3,66.5,61.8,63.0,57.3,53.8,87.0,73.0,52.0,11.0,4.5,0.0,30.18,29.79,0.36
10/08/2018,74.3,66.1,58.1,54.5,50.8,45.8,79.0,60.0,38.0,7.0,3.8,1.0,30.29,30.19,0.0
11/08/2018,77.4,69.0,61.4,57.3,53.0,48.6,81.0,59.0,37.0,6.0,3.1,0.0,30.32,30.18,0.0
12/08/2018,87.4,74.9,64.0,60.4,52.8,49.5,61.0,47.0,32.0,8.0,4.1,0.0,30.18,29.81,0.02
13/08/2018,76.7,70.6,66.3,62.4,59.1,55.3,82.0,68.0,48.0,10.0,5.1,0.0,29.97,29.79,0.03
14/08/2018,77.7,69.6,63.9,60.4,57.9,55.7,82.0,68.0,48.0,8.0,4.4,2.0,30.19,29.97,0.0
15/08/2018,79.5,70.5,65.6,59.5,58.2,56.0,78.0,66.0,49.0,6.0,2.9,0.0,30.23,30.12,0.0
16/08/2018,88.2,75.1,66.8,63.1,59.7,55.5,76.0,61.0,33.0,13.0,3.6,0.0,30.13,29.92,0.0
17/08/2018,75.5,68.9,62.1,60.0,54.6,49.3,81.0,62.0,40.0,9.0,6.3,3.0,30.26,30.03,0.04
18/08/2018,77.3,68.8,62.2,57.4,53.9,51.1,72.0,60.0,46.0,8.0,4.0,1.0,30.3,30.22,0.0
19/08/2018,83.6,73.4,64.4,63.1,57.9,56.1,76.0,60.0,42.0,8.0,3.4,0.0,30.28,30.16,0.0
20/08/2018,75.8,72.1,67.9,64.5,62.7,60.5,88.0,73.0,61.0,7.0,3.9,2.0,30.22,30.17,0.0
21/08/2018,79.8,74.1,69.3,64.1,62.4,60.9,76.0,67.0,56.0,5.0,3.0,1.0,30.21,30.11,0.0
22/08/2018,85.1,76.6,67.8,63.8,62.6,61.5,82.0,63.0,47.0,6.0,3.0,0.0,30.14,30.03,0.0
23/08/2018,78.5,71.1,0.0,63.5,61.2,59.3,88.0,71.0,0.0,9.0,4.9,0.0,30.07,29.97,0.0
24/08/2018,69.4,64.1,59.8,62.3,52.1,43.9,87.0,67.0,41.0,11.0,5.3,3.0,30.1,30.01,0.09
25/08/2018,68.6,62.0,56.5,52.4,47.0,40.6,83.0,60.0,37.0,9.0,5.7,2.0,30.11,29.98,0.01
26/08/2018,74.9,66.1,56.8,53.5,46.4,40.6,68.0,50.0,33.0,9.0,4.2,0.0,30.12,29.89,0.0
27/08/2018,73.8,68.4,63.1,61.6,56.5,51.7,90.0,67.0,49.0,9.0,4.9,2.0,30.15,29.89,0.02
28/08/2018,82.9,70.6,60.2,56.2,53.2,51.2,74.0,56.0,34.0,4.0,2.3,1.0,30.16,29.94,0.0
29/08/2018,74.3,67.0,63.4,64.9,58.9,51.7,91.0,76.0,53.0,12.0,4.7,0.0,30.2,29.88,0.67
30/08/2018,69.6,65.2,60.9,57.9,55.2,50.5,86.0,71.0,53.0,5.0,2.5,0.0,30.26,30.19,0.0
31/08/2018,72.4,66.6,61.4,56.4,52.5,49.3,76.0,61.0,47.0,7.0,3.3,1.0,30.28,30.19,0.0
1/09/2018,73.3,66.1,58.1,49.5,46.6,42.7,66.0,50.0,36.0,7.0,4.0,2.0,30.35,30.27,0.0
2/09/2018,76.0,66.9,57.5,49.9,47.2,45.5,66.0,50.0,36.0,7.0,3.6,2.0,30.31,30.14,0.0
3/09/2018,75.3,68.2,61.3,56.3,53.7,49.7,72.0,60.0,50.0,10.0,4.5,1.0,30.15,30.06,0.0
4/09/2018,68.5,66.1,64.1,62.8,59.6,55.0,89.0,80.0,65.0,8.0,4.9,2.0,30.1,30.08,0.0
5/09/2018,77.7,69.9,65.9,63.4,62.2,59.5,89.0,78.0,54.0,9.0,4.3,1.0,30.11,30.03,0.0
6/09/2018,70.2,66.4,62.3,61.8,58.5,51.9,88.0,76.0,57.0,10.0,5.7,3.0,30.07,30.0,0.02
7/09/2018,69.2,63.6,59.7,56.6,49.9,43.5,86.0,63.0,41.0,8.0,4.3,1.0,30.17,30.02,0.01
8/09/2018,74.9,66.1,57.2,51.6,48.5,44.1,69.0,54.0,42.0,7.0,2.3,0.0,30.21,30.13,0.0
9/09/2018,85.4,72.4,60.9,60.9,51.9,49.0,72.0,50.0,31.0,6.0,2.7,0.0,30.19,30.12,0.0
10/09/2018,76.9,68.8,61.7,60.7,55.2,48.3,84.0,64.0,38.0,8.0,3.9,1.0,30.31,30.19,0.0
11/09/2018,85.7,74.0,61.9,58.0,55.4,53.1,74.0,54.0,34.0,7.0,2.4,0.0,30.31,30.2,0.0
12/09/2018,81.5,72.2,65.8,61.0,57.9,55.7,78.0,62.0,44.0,10.0,3.6,0.0,30.22,30.14,0.0
13/09/2018,67.5,63.0,60.0,60.4,57.1,55.1,89.0,81.0,73.0,8.0,5.1,2.0,30.23,30.16,0.05
14/09/2018,70.4,63.0,56.4,55.0,50.3,44.6,83.0,65.0,40.0,9.0,4.5,2.0,30.28,30.21,0.0
15/09/2018,72.6,64.3,56.5,53.9,50.5,48.7,78.0,62.0,44.0,7.0,2.1,0.0,30.36,30.28,0.0
16/09/2018,76.8,68.2,59.3,51.9,49.3,46.7,69.0,52.0,35.0,4.0,1.5,0.0,30.3,30.14,0.0
17/09/2018,85.4,72.3,60.0,52.5,50.4,44.2,72.0,49.0,25.0,6.0,2.4,0.0,30.18,29.93,0.0
18/09/2018,75.5,70.6,65.5,64.7,58.9,50.2,82.0,68.0,45.0,7.0,3.6,1.0,30.07,29.91,0.04
19/09/2018,77.8,70.9,65.1,63.4,59.0,56.9,84.0,67.0,50.0,7.0,3.5,1.0,30.17,30.07,0.0
20/09/2018,77.5,70.3,61.1,59.6,57.9,56.2,86.0,66.0,52.0,8.0,4.0,1.0,30.15,29.9,0.0
21/09/2018,70.3,64.1,57.9,60.0,49.9,40.4,88.0,61.0,39.0,11.0,6.3,3.0,30.25,29.8,0.13
22/09/2018,66.6,61.4,56.7,60.6,47.9,43.2,81.0,62.0,51.0,8.0,4.5,1.0,30.27,30.01,0.02
23/09/2018,73.2,65.1,53.5,66.7,59.6,45.4,89.0,82.0,73.0,16.0,7.4,4.0,30.42,29.92,0.37
24/09/2018,62.6,55.8,50.7,45.9,43.6,39.1,79.0,65.0,44.0,9.0,5.7,1.0,30.68,30.42,0.0
25/09/2018,63.2,56.3,48.4,43.8,41.9,38.9,77.0,60.0,42.0,8.0,4.7,2.0,30.7,30.59,0.0
26/09/2018,71.5,60.6,48.9,45.3,41.3,39.0,70.0,50.0,33.0,5.0,2.2,0.0,30.6,30.5,0.0
27/09/2018,79.4,66.0,54.2,52.6,48.1,44.0,69.0,54.0,38.0,4.0,1.4,0.0,30.5,30.27,0.0
28/09/2018,68.1,62.0,55.5,54.3,51.4,45.1,80.0,69.0,55.0,11.0,5.2,0.0,30.42,30.24,0.0
29/09/2018,64.8,56.5,49.5,45.1,41.0,37.1,75.0,58.0,37.0,9.0,6.0,2.0,30.41,30.2,0.0
30/09/2018,64.5,56.0,48.5,46.1,41.8,38.6,73.0,60.0,40.0,13.0,4.7,1.0,30.2,30.09,0.0
1/10/2018,60.5,55.6,51.4,46.5,41.5,34.7,73.0,60.0,40.0,11.0,7.0,2.0,30.39,30.13,0.0
2/10/2018,61.2,56.3,52.3,57.9,48.1,39.1,89.0,74.0,58.0,6.0,3.2,1.0,30.38,30.27,0.01
3/10/2018,66.6,62.7,60.1,58.1,54.7,51.2,89.0,76.0,60.0,8.0,4.0,0.0,30.43,30.3,0.0
4/10/2018,70.9,63.8,57.2,51.8,50.2,48.5,74.0,62.0,49.0,5.0,2.1,0.0,30.42,30.23,0.0
5/10/2018,78.1,65.5,54.3,53.9,50.3,46.7,76.0,59.0,39.0,5.0,2.3,0.0,30.23,29.95,0.0
6/10/2018,74.0,65.4,57.1,55.6,52.7,46.2,77.0,64.0,39.0,8.0,2.9,0.0,29.95,29.75,0.0
7/10/2018,64.8,58.9,55.5,56.1,52.9,48.6,91.0,81.0,68.0,10.0,4.6,0.0,30.24,29.81,0.06
8/10/2018,65.3,57.8,50.8,48.9,45.4,40.2,80.0,65.0,43.0,7.0,3.3,0.0,30.27,30.2,0.0
9/10/2018,74.9,63.5,53.3,57.8,50.7,43.2,75.0,64.0,54.0,5.0,2.1,0.0,30.23,30.11,0.0
10/10/2018,77.7,67.6,58.3,58.4,55.5,53.0,83.0,67.0,45.0,8.0,3.1,0.0,30.11,29.81,0.0
11/10/2018,79.3,69.5,62.3,58.6,56.5,52.8,85.0,65.0,40.0,9.0,5.3,2.0,29.96,29.8,0.1
12/10/2018,78.6,68.8,61.6,62.9,60.3,57.5,90.0,76.0,55.0,9.0,4.2,1.0,30.14,29.96,0.0
13/10/2018,79.5,71.3,64.2,61.7,59.3,57.9,81.0,67.0,49.0,8.0,4.0,1.0,30.14,29.91,0.0
14/10/2018,79.9,71.1,63.5,58.8,55.8,53.9,75.0,60.0,44.0,8.0,4.8,2.0,29.91,29.71,0.0
15/10/2018,79.1,72.1,66.4,53.9,51.0,46.3,62.0,49.0,32.0,10.0,4.5,1.0,30.0,29.75,0.0
16/10/2018,78.0,70.8,65.4,56.0,51.9,49.4,69.0,52.0,41.0,4.0,1.8,0.0,30.13,29.99,0.0
17/10/2018,69.5,64.9,60.5,56.7,55.2,53.9,80.0,71.0,60.0,7.0,3.5,1.0,30.17,30.09,0.0
18/10/2018,68.0,60.7,56.0,56.0,52.8,50.0,83.0,75.0,65.0,11.0,6.7,3.0,30.24,30.17,0.0
19/10/2018,64.4,57.7,53.1,53.8,51.3,49.2,88.0,80.0,68.0,8.0,5.3,2.0,30.36,30.22,0.0
20/10/2018,62.9,56.0,49.7,49.3,47.5,45.5,86.0,74.0,58.0,9.0,5.3,3.0,30.5,30.36,0.0
21/10/2018,64.6,56.1,48.2,49.6,45.9,43.6,85.0,70.0,49.0,6.0,3.4,1.0,30.47,30.33,0.0
22/10/2018,58.7,56.4,52.4,54.4,49.1,43.3,90.0,77.0,64.0,12.0,6.3,2.0,30.62,30.36,0.0
23/10/2018,63.6,54.3,47.1,50.1,44.7,41.0,81.0,71.0,52.0,8.0,4.2,1.0,30.62,30.43,0.0
24/10/2018,61.9,58.2,54.6,55.5,53.1,49.6,89.0,83.0,79.0,8.0,3.8,1.0,30.46,30.36,0.0
25/10/2018,61.1,58.0,54.9,55.2,50.2,48.2,85.0,75.0,65.0,7.0,3.4,1.0,30.36,30.11,0.0
26/10/2018,58.4,53.4,48.1,48.2,45.6,40.5,82.0,75.0,64.0,12.0,3.9,1.0,30.11,29.86,0.02
27/10/2018,50.7,46.9,44.1,41.0,38.8,35.7,83.0,74.0,59.0,9.0,4.6,1.0,29.93,29.85,0.0
28/10/2018,46.5,43.8,41.3,39.3,36.1,32.8,86.0,75.0,65.0,14.0,9.8,4.0,29.9,29.83,0.0
29/10/2018,42.9,41.4,39.0,36.7,35.1,33.0,82.0,78.0,69.0,13.0,8.9,6.0,29.85,29.31,0.01
30/10/2018,52.6,44.9,39.2,44.1,39.3,35.9,91.0,82.0,57.0,9.0,5.1,2.0,29.82,29.27,0.5
31/10/2018,53.6,48.3,42.8,49.4,43.0,37.8,89.0,82.0,74.0,6.0,3.0,1.0,29.87,29.78,0.08
1/11/2018,55.0,52.6,50.9,50.1,46.6,43.8,89.0,80.0,74.0,7.0,3.9,1.0,30.02,29.76,0.07
2/11/2018,54.0,50.3,47.0,46.4,40.8,34.2,86.0,71.0,48.0,8.0,3.5,0.0,30.47,30.02,0.01
3/11/2018,54.6,48.3,43.4,40.5,37.3,31.4,80.0,66.0,43.0,5.0,1.9,1.0,30.47,30.18,0.0
4/11/2018,54.9,49.0,42.8,47.8,43.3,39.2,89.0,81.0,73.0,6.0,2.5,1.0,30.18,29.8,0.0
5/11/2018,67.5,58.3,51.8,52.6,49.4,46.5,83.0,73.0,56.0,7.0,3.1,1.0,29.8,29.67,0.0
6/11/2018,66.4,59.9,53.0,52.1,49.6,44.9,77.0,69.0,54.0,10.0,5.1,2.0,29.74,29.64,0.0
7/11/2018,57.3,53.2,50.9,50.9,47.0,43.7,88.0,80.0,73.0,10.0,6.3,3.0,30.0,29.66,0.17
8/11/2018,56.6,51.3,46.0,48.0,45.1,42.6,89.0,80.0,64.0,6.0,3.7,2.0,30.2,29.98,0.0
9/11/2018,59.7,52.6,46.9,51.0,46.6,43.1,87.0,80.0,69.0,9.0,4.3,1.0,29.97,29.69,0.0
10/11/2018,55.9,54.3,52.6,52.6,50.3,47.0,92.0,86.0,76.0,10.0,6.2,2.0,29.69,29.61,0.17
11/11/2018,55.6,54.5,53.4,53.2,50.9,49.2,92.0,88.0,82.0,9.0,4.9,1.0,29.91,29.65,0.31
12/11/2018,54.7,53.2,51.4,51.9,49.9,48.7,92.0,89.0,82.0,5.0,2.8,0.0,30.17,29.87,0.43
13/11/2018,60.3,54.7,51.5,50.1,48.2,45.8,90.0,80.0,60.0,6.0,3.3,1.0,30.45,30.17,0.0
14/11/2018,59.4,52.7,47.4,51.1,47.5,44.0,92.0,83.0,73.0,6.0,2.6,0.0,30.45,30.26,0.0
15/11/2018,53.6,50.1,47.6,49.5,47.6,45.1,93.0,91.0,84.0,6.0,2.9,1.0,30.28,30.23,0.0
16/11/2018,50.2,47.3,44.7,48.2,45.1,40.8,94.0,92.0,86.0,5.0,2.8,1.0,30.35,30.28,0.0
17/11/2018,49.1,44.6,39.3,40.6,38.0,35.7,89.0,78.0,66.0,7.0,3.7,1.0,30.33,30.25,0.0
18/11/2018,48.3,43.6,38.7,35.9,33.3,31.1,74.0,67.0,57.0,8.0,4.0,2.0,30.29,30.15,0.0
19/11/2018,44.1,39.6,34.3,36.3,30.9,24.1,83.0,71.0,65.0,10.0,6.0,3.0,30.15,29.79,0.02
20/11/2018,40.6,38.3,36.4,35.7,34.3,33.1,89.0,85.0,76.0,10.0,4.6,1.0,29.78,29.64,0.09
21/11/2018,44.9,40.0,34.7,37.7,33.8,31.2,92.0,79.0,62.0,5.0,2.5,0.0,30.07,29.77,0.01
22/11/2018,44.6,40.8,36.0,41.8,37.7,33.5,92.0,89.0,83.0,6.0,2.4,0.0,30.1,30.05,0.01
23/11/2018,47.1,43.4,38.2,44.9,40.7,36.1,93.0,90.0,87.0,5.0,2.1,0.0,30.07,29.82,0.15
24/11/2018,49.7,47.6,45.8,45.7,44.2,43.0,92.0,88.0,83.0,5.0,2.9,1.0,29.9,29.81,0.1
25/11/2018,48.5,46.8,45.1,45.7,44.1,42.3,92.0,90.0,88.0,8.0,3.6,1.0,29.87,29.7,0.18
26/11/2018,44.9,43.1,41.4,42.1,40.5,39.0,92.0,90.0,88.0,8.0,4.5,1.0,30.06,29.75,0.03
27/11/2018,50.4,46.2,44.3,44.3,42.1,40.8,92.0,86.0,73.0,8.0,3.8,0.0,30.16,30.06,0.17
28/11/2018,54.1,51.8,46.4,51.0,48.4,44.2,94.0,89.0,81.0,7.0,4.5,1.0,30.1,30.02,0.41
29/11/2018,59.0,54.8,52.2,48.9,47.4,45.0,84.0,76.0,62.0,9.0,5.3,2.0,30.06,29.84,0.0
30/11/2018,56.6,53.0,50.2,48.7,46.5,43.6,88.0,79.0,65.0,7.0,3.5,1.0,30.06,29.9,0.0
1/12/2018,53.7,49.2,45.3,51.1,45.9,41.7,91.0,88.0,79.0,9.0,5.5,1.0,30.06,29.75,0.09
2/12/2018,61.5,58.6,53.7,56.7,55.1,51.0,92.0,88.0,83.0,8.0,4.7,2.0,29.77,29.66,0.17
3/12/2018,59.8,57.5,54.5,56.0,52.3,47.8,88.0,83.0,75.0,8.0,5.0,3.0,29.97,29.68,0.12
4/12/2018,54.5,52.6,50.8,49.2,45.9,41.0,90.0,78.0,64.0,5.0,3.2,1.0,30.31,29.97,0.03
5/12/2018,55.2,51.8,49.1,50.8,47.3,44.2,92.0,85.0,78.0,7.0,4.3,2.0,30.29,30.03,0.06
6/12/2018,57.9,56.2,53.8,53.5,52.2,49.7,91.0,87.0,81.0,6.0,3.1,1.0,30.2,30.04,0.02
7/12/2018,55.4,52.3,47.1,51.4,47.0,39.4,92.0,82.0,71.0,11.0,6.3,3.0,30.18,29.7,0.2
8/12/2018,55.5,50.8,46.2,50.6,44.4,39.0,88.0,79.0,73.0,11.0,6.5,4.0,30.03,29.77,0.1
9/12/2018,52.9,51.0,49.1,47.1,44.4,41.5,85.0,78.0,68.0,13.0,7.4,4.0,30.27,29.79,0.24
10/12/2018,51.2,48.7,46.9,44.6,42.7,41.3,87.0,80.0,70.0,8.0,4.4,2.0,30.42,30.27,0.01
11/12/2018,49.5,46.6,43.2,43.9,41.3,38.7,85.0,82.0,75.0,5.0,2.1,0.0,30.4,30.29,0.0
12/12/2018,43.8,39.1,35.4,38.6,33.9,31.6,92.0,82.0,68.0,6.0,3.1,1.0,30.3,30.14,0.0
13/12/2018,41.3,36.8,34.6,32.0,30.2,27.1,86.0,77.0,64.0,8.0,4.4,2.0,30.14,29.97,0.0
14/12/2018,37.5,34.3,31.2,27.2,25.1,23.8,78.0,69.0,59.0,7.0,3.7,1.0,30.32,30.1,0.0
15/12/2018,38.1,35.1,33.3,36.0,27.9,24.2,92.0,75.0,65.0,10.0,5.5,1.0,30.31,29.86,0.57
16/12/2018,47.3,43.2,38.0,44.8,41.0,35.6,93.0,92.0,90.0,6.0,3.0,1.0,29.97,29.87,0.05
17/12/2018,48.8,46.3,44.8,44.4,42.6,40.7,91.0,87.0,81.0,6.0,3.5,1.0,30.34,29.96,0.04
18/12/2018,49.1,46.1,42.0,43.7,40.5,38.0,93.0,81.0,67.0,9.0,5.5,2.0,30.32,29.88,0.08
19/12/2018,52.4,49.5,47.1,46.4,45.1,42.2,89.0,85.0,77.0,8.0,4.8,3.0,29.95,29.88,0.02
20/12/2018,53.3,48.9,46.9,45.1,43.2,41.9,85.0,81.0,72.0,7.0,4.9,2.0,30.06,29.94,0.0
21/12/2018,60.2,56.1,50.1,55.0,52.1,45.1,92.0,87.0,79.0,11.0,6.2,2.0,30.01,29.77,0.19
22/12/2018,57.2,54.7,51.6,52.7,48.5,45.5,86.0,80.0,74.0,8.0,4.4,2.0,30.34,29.99,0.02
23/12/2018,58.4,54.5,50.7,54.4,51.2,46.1,93.0,88.0,81.0,7.0,4.0,1.0,30.34,30.16,0.17
24/12/2018,57.0,49.6,45.2,54.3,44.6,37.1,93.0,83.0,71.0,8.0,3.7,1.0,30.63,30.22,0.15
25/12/2018,47.1,43.1,38.3,37.1,34.8,32.8,81.0,73.0,62.0,5.0,2.3,1.0,30.66,30.59,0.0
26/12/2018,40.3,37.3,34.1,33.5,31.7,30.3,87.0,80.0,72.0,5.0,2.5,0.0,30.59,30.44,0.0
27/12/2018,36.3,34.4,32.7,32.5,30.9,29.3,92.0,87.0,85.0,4.0,2.3,1.0,30.44,30.35,0.0
28/12/2018,38.0,35.2,32.9,35.4,31.7,29.5,92.0,87.0,84.0,4.0,2.0,0.0,30.63,30.39,0.0
29/12/2018,48.0,42.0,37.4,45.8,37.8,33.4,92.0,85.0,80.0,5.0,2.4,1.0,30.67,30.61,0.01
30/12/2018,50.1,49.1,48.0,48.2,46.4,45.4,93.0,90.0,86.0,5.0,2.3,0.0,30.69,30.62,0.01
31/12/2018,51.1,49.4,48.1,47.2,45.3,43.2,96.0,86.0,78.0,5.0,2.8,0.0,30.68,30.63,0.01
